Area,Bedrooms,Bathrooms,Floors,Parking,Age,Price
3674,3,1,2,1,28,22674207
1360,2,2,3,2,20,8910116
1794,1,1,2,0,29,10412863
1630,1,4,3,2,7,11906611
1595,3,4,2,0,13,10903562
3592,2,3,1,0,9,23038589
2138,1,4,3,0,26,13554716
2669,1,1,1,2,18,16572860
966,4,1,2,0,7,6990922
1738,4,4,2,2,18,12367767
830,1,2,1,2,3,5837322
1982,3,2,2,1,9,13814343
2635,5,1,1,2,22,17711940
3944,5,2,2,2,2,26607838
3671,1,3,2,1,3,23677283
3419,1,3,3,1,15,21343966
630,1,4,1,1,23,4045265
2185,3,4,2,0,3,14926918
3880,4,2,1,0,24,24719284
1269,1,1,3,1,19,7534722
2891,1,4,1,0,28,17481512
2015,2,3,3,1,29,12580600
3985,3,4,1,0,19,25030954
3353,1,4,1,2,12,21964942
2933,2,3,3,0,20,18626634
1715,5,1,2,0,16,11422777
1455,1,4,2,2,22,9956893
2824,1,4,2,1,24,17968415
1684,2,4,1,0,15,11812234
959,3,2,1,0,27,6206911
3885,1,4,2,2,24,24707575
521,5,3,1,2,16,5578160
2800,1,1,1,2,5,18067483
1247,5,1,2,2,2,10061426
3404,4,3,3,1,19,22063809
974,4,2,1,0,23,6518559
1582,5,3,1,0,3,12185683
3058,3,1,1,0,7,19422001
2547,1,3,1,0,19,16041259
3247,1,2,3,1,8,20385690
1475,4,1,2,0,21,9700279
2306,5,2,1,1,0,16450848
689,1,3,2,1,12,5397459
3505,1,4,1,2,25,21439092
3234,3,3,3,2,1,22246157
3505,2,2,2,0,22,21418393
1062,4,3,3,1,9,8852583
2399,4,4,1,2,22,16448449
1767,2,2,3,1,18,11010456
3379,1,3,3,2,16,20836993
2028,3,2,1,1,23,13452113
3702,3,2,1,0,12,23665788
1146,4,1,2,0,28,7246177
2568,3,1,1,1,25,15962315
3388,2,2,2,2,13,22008271
2714,1,3,3,2,26,16895305
1797,2,3,3,0,10,11978327
2935,5,3,2,0,9,19578354
1100,4,4,1,0,6,9435209
2863,3,2,1,2,9,18743754
2561,5,2,3,2,23,16968973
741,3,4,2,0,0,7182398
2541,1,2,3,1,13,16332141
3324,1,2,3,2,2,21593623
3917,1,4,1,0,12,24526201
3112,3,1,2,1,1,20674947
3445,5,2,3,2,16,23412310
1863,1,4,1,1,20,12150986
2639,5,3,3,1,2,18387573
1890,3,1,3,2,25,12549445
3503,5,3,1,0,14,23085554
1978,3,2,1,1,7,13552260
3999,3,1,2,0,5,25257529
3056,4,4,3,2,25,20370737
1275,3,2,2,1,29,7793915
534,3,4,1,1,8,5925284
2753,2,1,1,1,24,16435204
3652,1,3,3,1,10,22642166
2455,4,2,2,1,21,15759471
2085,4,2,2,2,1,15634403
3959,4,4,3,1,8,25959421
3573,2,1,3,2,17,21733610
1521,3,4,2,0,18,10661221
3961,1,1,1,2,21,23488168
3113,5,2,1,1,17,20484042
1629,3,1,3,0,4,10579589
2000,2,2,2,2,17,13085900
1202,3,1,2,2,11,8209611
2949,3,3,2,2,3,20187176
3277,2,1,1,1,14,20617849
2079,4,3,1,1,10,14940683
661,4,1,2,2,26,4774623
701,1,1,2,2,18,4837872
2481,1,4,3,0,4,16214960
1495,4,4,3,1,5,11484463
2817,5,2,2,1,12,18926035
1315,3,4,2,0,22,9438658
3842,5,1,1,2,9,25236275
955,3,4,2,2,23,7304237
1775,4,1,3,0,24,11555654
1516,1,3,1,2,13,10250924
2843,1,1,3,2,3,18160845
3267,5,2,3,0,19,20999368
837,1,3,1,0,22,5619561
1378,4,2,3,0,11,9898688
1576,5,2,2,2,14,12334670
1291,3,2,3,0,25,8141961
2764,1,4,1,2,9,17998336
1263,2,2,1,1,10,8404104
2735,1,3,1,1,8,17552611
879,3,1,3,0,10,6479211
992,5,2,2,2,1,8938077
3612,3,3,1,2,12,23993378
1680,2,2,2,2,26,10754172
2562,4,1,1,0,21,16554792
564,1,3,2,2,25,3759396
3068,5,3,2,2,25,20973083
1867,4,1,2,2,7,13505205
1652,3,3,1,1,28,10927760
2527,5,1,3,2,20,17021743
3195,4,3,3,1,20,20972960
1995,5,3,3,2,7,15048044
3634,2,1,2,2,0,23139437
1662,2,1,1,2,5,11715359
2022,1,3,2,1,25,12151526
3140,1,3,1,2,12,20134318
891,2,1,2,0,8,6128439
2198,5,4,1,2,27,15596335
918,2,1,1,1,5,7097578
2836,1,3,1,1,14,17559463
878,2,3,2,0,22,6287725
2296,2,3,3,0,15,14493308
2778,5,1,2,0,3,18613766
3565,4,3,2,1,27,23112412
2588,1,4,1,2,25,16847242
3599,5,2,1,2,16,24299960
2682,2,4,3,0,8,17800976
700,2,1,3,0,11,5247425
2363,4,3,1,2,21,16306972
1279,1,1,3,0,18,7052066
3477,1,2,3,2,19,21111948
3604,3,1,1,2,25,22780379
3619,1,3,2,2,11,22655644
1002,4,2,3,2,21,7512804
2954,3,2,1,1,5,19132115
2251,3,3,3,2,11,15613331
1304,2,3,3,0,8,9270174
2646,2,3,1,0,19,16728119
3231,1,1,3,0,4,19602855
2395,3,4,3,0,20,15336250
3273,2,1,3,1,2,20820038
2070,4,1,2,2,1,14460496
1460,2,4,2,2,7,11000633
3160,2,3,3,0,9,19893950
1985,3,3,1,0,14,13792467
3190,3,4,3,0,8,21128896
1528,5,4,3,2,9,12160591
3789,4,1,2,1,10,23969898
1002,3,2,2,1,28,6924717
3314,1,4,2,1,8,21751540
897,4,1,3,1,13,6807618
1370,4,2,3,0,4,9810034
3342,3,3,1,2,26,21470211
892,4,3,3,0,8,7486561
706,3,1,3,1,3,5754246
1538,2,1,2,0,1,10691851
2381,5,4,2,1,18,16912748
3439,2,3,2,2,0,22706947
1984,3,1,2,1,20,12940228
1363,3,3,2,0,0,9854939
3290,2,3,1,2,11,21363789
3812,1,4,1,1,10,23872111
1063,1,2,1,1,0,7142017
1520,1,4,2,2,13,10152901
595,3,1,2,0,26,3907288
2423,4,4,2,2,10,17663647
2257,3,4,1,0,28,14841015
3032,4,3,2,1,6,21092423
3978,2,4,1,1,1,25877169
2778,5,1,2,2,14,18967614
3296,4,2,3,1,7,22339779
2178,1,4,1,2,21,13675943
3742,3,4,3,1,19,24316874
1040,2,2,1,1,24,6359488
1559,1,1,2,0,14,9379799
3072,2,1,2,2,25,19218146
1683,5,4,3,2,7,13030151
2222,3,3,2,1,28,14272341
3814,3,4,1,0,9,25041254
3657,5,2,2,0,18,23690513
2319,3,2,2,2,2,16028062
3125,4,2,1,2,19,20029152
3229,2,4,3,1,13,21366485
3104,1,4,3,2,8,19890107
2097,5,1,2,1,8,15199858
3560,4,3,1,0,20,23008675
3193,1,4,3,2,27,20089548
1295,1,1,3,0,24,7093054
1551,5,4,2,0,5,11997608
2143,4,1,1,1,7,14200530
1863,1,1,3,0,10,11218897
2481,1,3,2,1,7,15627999
1854,4,4,2,1,11,13130609
2163,3,1,2,0,9,14242129
2029,1,2,2,0,22,12276757
2538,2,2,3,1,3,16731793
3919,4,2,1,1,15,25025466
1996,1,3,2,0,19,12617583
3802,5,1,2,1,5,25142694
2737,2,3,3,1,29,16746822
3796,1,4,2,2,8,24547350
1908,2,4,2,2,22,13083789
1900,2,1,1,2,4,12988316
1806,3,2,2,2,20,12271665
3180,2,1,3,2,23,19345974
3175,3,1,1,1,5,20253753
1472,4,1,3,1,16,10441591
2268,3,3,1,2,16,15137975
1782,5,4,1,0,24,12729421
3930,1,1,2,2,23,23404353
1209,4,1,2,0,21,7975972
1979,4,1,2,1,12,13691981
1934,5,3,3,0,16,13455061
1148,3,3,2,1,13,8337336
817,1,3,2,0,1,5875573
3796,3,1,1,1,25,23112825
1757,2,2,2,1,18,11560021
1183,3,2,2,2,25,8488777
1163,4,2,2,1,27,8407017
2498,1,4,2,2,2,17309070
3945,3,1,1,2,1,25664933
2131,1,2,2,2,27,13240840
1995,1,2,1,0,1,12432521
3804,2,2,3,0,21,23547846
1636,2,1,2,1,6,11280864
2353,4,2,2,2,3,16553664
2020,5,2,2,2,16,14744653
2989,1,1,1,1,5,18234131
1063,5,4,2,2,6,9954446
1791,4,3,2,1,19,12325067
3957,1,2,3,2,5,25098049
3958,1,3,1,0,8,24941634
3684,5,4,1,1,19,24461819
2136,3,4,3,1,27,14101693
3499,2,2,1,0,29,21136566
3652,3,1,2,1,25,22849389
1198,5,4,2,0,3,9848443
2660,2,3,3,2,25,16945506
501,3,3,1,0,27,3563836
1141,2,3,1,0,4,8029761
2767,1,3,1,1,18,17373436
2089,3,4,3,2,9,14752860
1354,2,2,2,0,17,8954736
2259,2,2,3,2,14,14532232
3796,2,3,2,0,24,23331289
2932,3,2,3,1,28,18240338
3974,4,3,2,0,0,26259800
2161,3,3,1,0,4,14759166
1653,5,1,1,2,4,12808718
1576,3,4,1,0,7,11141811
2207,2,4,3,1,21,13972158
3277,1,3,3,1,21,20548825
2195,3,4,3,0,21,14549893
2233,3,2,1,0,19,13804492
1939,2,3,2,2,14,13132342
2794,1,1,1,2,16,16667321
1335,1,2,1,1,18,8559901
702,5,1,2,2,28,6081205
3755,3,1,2,0,12,23684880
622,1,4,2,1,25,4328405
900,1,4,2,2,27,6448602
1266,4,3,1,1,26,9126333
793,4,4,3,0,21,6934437
2827,1,1,1,2,20,17405588
3431,5,1,2,0,9,22426226
697,1,2,3,0,16,4809410
3529,2,1,3,1,4,22076985
2430,3,3,1,1,17,16476972
3299,5,3,1,1,16,22323174
2691,2,4,1,2,3,18250599
1108,5,4,3,2,21,9423389
3772,2,4,3,1,6,24344962
1647,3,3,3,2,24,10790434
686,3,1,2,2,4,5799638
3897,4,4,2,1,7,26293513
3011,2,2,1,0,7,19170859
3920,4,4,3,2,10,26122838
2294,2,3,1,2,8,15944858
1159,4,4,3,0,18,8472792
3311,3,1,1,0,18,20011485
3502,5,4,2,0,8,23979429
2455,4,3,3,1,22,15937198
2950,2,3,2,0,19,18572604
1869,2,2,3,1,16,12520166
2486,3,3,1,0,15,16117114
2034,2,2,3,0,6,13773673
646,1,1,2,1,25,3148928
3719,5,3,3,1,21,24323318
3411,4,4,1,0,2,23616961
2234,5,1,3,0,29,14103942
2343,3,4,2,0,20,15010290
988,4,4,1,2,18,8474952
3476,4,4,2,0,7,23735436
2459,1,1,3,1,4,15258628
2163,3,1,2,2,25,13764054
3098,2,3,3,1,25,19662679
2885,1,4,1,2,5,18673292
3419,1,2,2,2,1,21681295
1140,5,3,2,1,23,9042991
2302,5,1,3,2,24,15168817
3020,5,2,2,1,18,20078906
2469,1,1,2,0,12,14486944
2698,2,2,1,2,5,18331734
1938,4,3,3,1,5,13996590
3869,5,2,3,2,1,25798533
2134,2,3,1,1,25,13871205
762,3,1,1,0,23,4546433
2287,5,2,3,0,4,16020994
2691,4,4,1,2,10,19005347
2893,3,4,1,2,10,19642562
1123,3,1,1,1,23,6973938
1516,4,2,3,1,13,11256397
1380,5,4,1,2,12,11464949
2549,1,3,2,1,29,15723784
3444,4,2,2,1,7,22636195
1827,4,2,3,1,14,13086805
2801,4,4,1,2,11,19237808
952,3,3,2,0,2,7246075
3608,2,3,3,0,20,22341605
1683,1,3,2,1,22,10664219
3562,5,2,1,2,4,24509311
2556,5,1,3,1,5,17364594
3804,2,2,2,0,1,24222392
3670,4,2,3,1,7,24472259
2182,1,4,2,0,4,14585510
3363,5,1,2,2,21,21669955
2755,5,3,1,1,16,18774858
1654,4,4,1,2,25,12357445
903,2,2,2,1,1,7367277
2699,1,1,3,1,10,16364758
2601,2,3,3,1,3,16914769
3691,2,3,1,1,10,23715657
2196,1,2,2,1,8,13988661
1127,1,3,1,2,5,7862375
1086,5,3,2,2,23,9215582
2148,5,1,2,0,1,14650268
1943,1,4,1,1,25,11899916
1945,3,1,3,0,14,12306318
603,5,4,1,2,4,7334123
753,3,4,2,0,27,5957109
3798,1,4,1,2,11,24504593
3683,5,3,3,1,12,24396339
3057,2,1,3,0,16,18958928
1996,1,3,2,0,3,13037022
598,4,2,1,0,9,5533686
2700,3,1,3,0,0,17278807
2384,1,4,1,1,10,15848873
3461,1,3,3,2,15,22023121
2419,5,3,2,2,10,17719897
1377,5,1,2,1,8,10344718
837,5,1,1,2,1,8268900
3369,4,4,2,0,6,22877610
3734,5,4,3,1,18,25038791
1456,1,2,2,2,29,9048314
2204,5,4,3,1,17,15345310
660,2,3,3,1,28,4264740
2103,5,2,2,2,19,15052487
3348,4,2,3,2,6,22380445
897,2,2,3,1,22,5678501
1800,1,1,1,1,8,11729950
1315,1,4,1,2,11,9496494
2027,3,2,1,1,28,12321764
2419,2,1,2,2,2,15700668
1915,3,1,1,1,22,11880269
1658,2,2,3,1,21,10978346
1718,2,2,2,1,25,10442099
900,4,3,2,2,15,7370651
1139,3,2,2,0,6,8330723
3604,4,3,2,2,22,23158048
3235,2,2,3,1,25,19448498
959,1,2,3,0,4,6994391
1454,2,4,1,0,24,9574998
969,4,2,2,1,22,7491819
3946,3,2,1,2,6,25616686
1545,3,3,3,0,27,9657558
3297,4,3,2,0,29,21026618
2193,3,4,3,2,18,15032562
2585,5,2,1,2,16,17557704
2777,1,2,3,0,15,16696767
3936,1,3,2,2,29,23751950
1062,1,1,2,0,29,6045477
2985,3,1,1,1,20,19123719
2299,3,1,2,2,23,14399223
3854,2,3,3,0,20,23962450
2574,2,3,3,2,25,16857443
725,1,1,3,2,18,4310229
3848,5,1,3,0,24,24217809
1297,2,2,1,1,17,8881323
2831,2,3,3,0,18,17892619
3426,3,3,1,2,27,21328474
1459,5,1,3,0,3,11085867
2004,1,1,1,2,25,11484687
952,2,4,3,0,0,7834838
3567,5,3,3,1,26,23156225
1315,5,4,1,1,3,11040906
1158,1,2,2,1,3,8160772
1046,5,4,2,1,8,9712907
1715,5,1,2,0,7,12046435
3620,5,3,1,1,1,24368296
516,2,3,2,0,28,3402796
3743,1,4,2,2,22,23473182
1743,5,4,1,2,5,13972513
2705,5,2,2,2,22,18210854
3024,2,2,2,1,10,18828828
1569,1,1,2,1,3,10143318
3944,3,1,1,1,29,23706463
3065,2,1,1,2,13,19813846
2646,1,4,2,2,20,17296144
2268,5,4,2,2,21,16046967
1560,1,3,1,2,8,11182865
2827,1,1,2,0,1,17989806
3920,1,4,1,0,26,23662318
3044,3,3,2,1,24,19214196
801,1,1,1,1,25,4815697
680,3,2,3,2,0,6232431
1106,5,2,3,0,3,9414444
3670,3,4,1,0,11,23643060
1199,5,3,3,1,4,10031606
1492,5,2,2,0,8,11513477
1639,3,3,1,1,21,11334892
690,2,3,1,2,3,6179854
2800,4,2,2,2,15,18690875
1480,1,3,2,1,1,9969860
3475,4,2,1,2,15,23231507
2506,1,4,2,2,15,16634839
1684,1,1,1,0,20,9870922
3827,5,1,2,0,23,24365997
3894,1,4,1,0,23,23671623
627,1,2,2,0,21,3286992
2565,3,2,2,0,10,16463513
2316,4,2,3,1,0,16651761
2258,3,2,3,1,14,14607826
3113,1,4,3,0,23,18976844
1069,5,1,2,2,3,9191248
1846,3,3,1,2,29,11738410
2395,3,3,2,1,17,15530802
3233,2,1,3,1,16,19843881
1125,1,4,2,1,6,8757403
3859,5,3,3,2,17,25372775
3401,3,1,3,1,12,21515167
2186,3,4,1,2,19,14796083
3509,5,3,1,1,19,23433532
654,1,2,3,2,28,4050972
3037,2,2,3,1,9,19388246
1909,3,4,2,1,0,14541254
1284,2,2,3,2,1,9336031
3675,4,4,2,1,16,24476186
3964,1,1,3,0,21,23857684
745,4,1,1,2,28,5803211
3747,4,3,1,1,2,24962239
3610,4,4,3,2,16,24377648
2000,1,3,2,1,11,12934121
2205,1,3,2,0,23,13604867
3306,5,1,2,1,29,20563510
1037,2,3,3,1,11,7747549
2390,2,2,3,0,29,14370356
2341,5,3,1,2,19,16276257
1420,5,4,1,1,9,11325005
2955,4,2,3,1,6,20244919
1024,5,1,1,0,9,8306049
3375,3,4,2,2,17,22684762
2029,2,2,2,2,21,12919799
3450,5,4,3,0,5,23372236
535,3,2,2,0,6,4498394
1184,3,4,3,1,27,8431343
519,3,4,2,0,16,4548481
2868,3,2,3,0,29,18009930
3059,4,1,2,0,11,19331615
899,3,1,2,2,16,6196255
3201,4,4,1,0,17,21502964
1471,4,4,1,1,13,10962675
2406,3,1,1,1,10,15275376
3018,2,1,1,1,1,19442221
1666,3,3,1,0,20,11152267
1615,3,1,1,2,0,11759335
3925,3,4,3,0,10,25478425
1333,2,2,3,0,1,9645855
2323,1,1,1,1,15,14252139
3274,1,3,3,0,21,19952770
2482,4,3,1,2,2,17729372
1353,4,3,3,1,19,10256915
550,2,2,2,2,0,5457011
1074,5,1,3,2,20,8565186
3761,1,1,3,2,19,23269816
1648,4,1,3,0,7,11485651
2697,1,2,2,0,18,16585517
2861,2,2,1,0,25,17397177
3117,2,4,3,0,0,20703166
3913,5,3,3,1,29,25566522
2852,5,3,2,0,28,18191951
2215,2,1,1,1,25,13675338
1181,4,2,3,2,4,9738515
1337,1,2,2,1,29,7714069
1577,3,1,1,0,0,10780558
3550,5,1,1,1,10,23491447
2991,3,4,3,0,20,19024124
3160,4,3,3,0,8,20646934
3540,5,3,3,1,4,23722691
2811,3,3,3,1,1,19655699
3624,4,4,2,2,12,24161252
2095,1,1,2,2,17,12998985
3551,4,1,3,2,25,22876548
504,5,3,1,2,24,4990027
1626,2,3,3,2,11,11462000
1719,1,4,1,1,13,11229932
1273,3,2,1,2,4,9351655
1376,5,2,1,1,26,10113977
1491,2,3,2,2,23,9776348
3431,4,4,1,0,9,22459268
3921,2,3,1,2,19,24750514
546,5,2,2,0,1,5574562
3414,5,3,1,1,3,23471123
3370,2,2,1,2,11,21678671
3483,4,2,3,1,10,22777355
3203,2,2,1,2,3,21245270
768,5,1,1,1,10,6395903
869,5,1,1,2,8,7320724
1135,3,3,1,2,9,8710736
1629,3,2,1,0,26,9893755
2193,1,1,2,1,5,14241372
2182,5,3,1,1,14,15332580
1156,3,3,1,1,9,8851405
619,2,3,2,1,21,4575540
1330,4,3,2,1,20,9983045
2310,2,3,1,0,5,15207341
1581,4,4,1,2,0,12748358
2474,3,2,1,0,28,15253444
1869,1,3,3,1,20,12223038
1240,2,4,3,1,27,8724956
616,2,2,1,2,21,4132842
2353,2,1,2,0,23,14397405
3338,4,3,1,2,19,22178657
1650,3,4,2,2,29,11461821
3964,2,1,2,0,20,23417521
2431,2,4,2,2,3,16662556
1512,1,2,1,0,22,9239539
2164,1,2,1,0,25,12634704
1581,3,1,2,1,21,9988118
1133,3,4,3,2,13,8934044
1012,5,3,3,1,19,7814448
3349,1,3,3,2,21,21138370
1619,5,1,2,2,28,10796185
1641,4,1,1,1,19,10650262
1059,5,1,2,1,27,7462986
987,2,4,3,1,7,7505707
3808,5,3,1,0,10,25475531
1396,3,3,2,2,14,10505525
3843,4,3,2,0,18,24871182
1712,2,1,3,2,7,11071934
1203,5,3,2,2,12,9845670
1970,4,2,1,0,17,13029348
1080,4,1,3,0,21,7637919
3337,2,3,3,2,23,20756391
3408,5,4,1,1,16,23397301
2794,4,1,3,1,5,18934267
3647,4,2,2,1,24,22837827
653,1,2,2,1,14,4139869
2179,4,4,3,2,12,15985658
1496,1,4,1,1,25,9452720
3657,5,1,2,1,25,22824209
3244,5,1,1,1,17,20746299
3856,5,2,2,2,10,25805221
1743,3,4,2,0,12,12358867
1592,5,1,3,1,0,11742642
3618,4,2,3,2,17,23720246
1508,2,4,1,2,4,11832998
2641,1,2,3,1,5,16782303
2273,3,3,2,0,0,15328177
1457,5,4,2,0,6,11996151
3559,5,1,1,0,26,22210750
952,2,1,1,2,3,7583278
1727,2,3,2,1,8,11965306
3459,3,4,3,1,14,22551983
2765,1,2,3,2,5,18271776
3021,5,1,1,1,24,19653946
2979,3,3,1,1,16,19743977
2888,4,3,2,0,19,18904854
1050,4,4,2,1,17,8763759
2135,3,4,1,1,21,14510777
1812,5,1,2,2,3,13873787
3825,3,3,1,2,8,25599200
2257,5,2,1,0,13,15589228
856,2,3,3,2,2,6862731
2570,3,2,1,0,0,16818382
2285,5,2,2,0,26,14970333
3069,3,1,3,1,28,18474674
2281,3,3,3,0,10,15219951
3671,5,2,2,1,0,24580447
3349,5,4,2,0,11,22999826
3751,1,2,2,2,24,22692009
3794,3,4,1,2,8,25732141
3309,4,4,3,2,4,22476129
2989,3,3,1,0,14,18864845
2131,3,4,1,0,17,13915449
3316,5,2,1,1,8,22618668
1515,3,4,1,1,12,11624004
1848,3,3,3,1,27,12385171
1015,4,1,3,1,12,7853532
3587,5,2,1,0,23,22605745
3339,3,2,2,0,12,20968669
835,2,3,3,1,26,5191171
2282,1,3,1,0,9,14655467
2805,4,3,2,0,9,19004310
996,3,3,2,0,21,6667696
1395,2,2,1,0,6,9429980
2707,3,1,3,1,27,16775194
1351,3,4,2,1,21,9783218
2187,5,4,3,0,4,16311968
2431,5,1,3,2,19,15985649
3237,5,1,2,1,6,21909816
2927,2,1,1,1,19,18399193
2068,3,3,2,2,9,14645791
1456,1,2,2,1,9,10026164
3238,4,2,3,2,25,21075484
3998,5,2,1,2,24,25766803
2136,5,3,3,0,20,14837163
1791,3,2,2,1,23,12071091
1940,3,3,1,2,27,12786743
1691,2,2,1,0,12,11134427
1566,2,1,1,1,14,9597538
784,5,4,1,0,27,6516715
2944,3,4,1,0,27,18251455
511,1,3,2,2,5,4873835
2130,4,2,2,1,19,14324531
3873,3,4,2,0,11,25236081
3824,3,1,3,2,18,24494197
3046,2,1,1,2,10,19773803
1253,4,1,1,0,5,9261519
2582,5,3,2,0,0,17966648
3274,3,3,1,2,1,21988203
3396,5,2,3,0,22,21565939
589,3,1,1,0,14,4431066
1275,5,2,1,1,3,10187621
3152,4,2,3,2,4,21491571
3517,2,1,2,0,14,21590141
2125,4,2,2,2,10,14994289
3569,1,4,1,1,9,22316700
917,2,3,3,2,16,6845373
614,4,2,2,2,1,6769589
1116,1,1,2,2,19,6903099
3767,3,3,2,1,23,24206422
1325,3,3,1,1,9,9539219
2149,5,2,3,2,19,14819483
2016,2,4,1,2,29,13579338
3646,3,2,2,1,2,23575126
912,2,4,3,0,18,6803980
3947,3,3,1,1,27,25094810
3991,5,2,2,2,4,26637687
1228,4,1,2,0,2,9490362
3848,5,2,1,0,7,25796578
3568,1,4,2,0,4,23060798
3308,3,4,2,1,27,20839745
1175,1,2,3,1,29,6379044
3965,1,4,2,1,11,24930817
2392,2,3,1,1,13,16104409
3004,3,2,3,2,6,19971220
3467,1,4,1,0,10,21595833
2739,4,2,2,2,7,18791934
3286,1,2,3,1,4,20992844
1622,4,1,3,1,7,11931429
2071,2,2,3,2,11,13783619
1477,1,1,3,0,14,9114767
1508,5,4,1,0,18,10931725
2643,2,1,2,1,15,16944609
2187,4,1,2,1,13,14410156
3210,2,1,3,1,27,19741200
3761,1,3,2,1,6,24180945
536,3,1,1,0,7,4487873
3940,3,2,2,2,6,25161694
2048,4,1,1,0,29,12937748
2826,4,2,1,2,17,19191192
2764,3,1,2,1,23,16897440
3414,4,3,1,1,5,22516835
1372,2,4,1,2,25,9887209
2321,5,1,1,1,18,15274470
1796,5,1,1,0,3,12968474
2609,2,3,3,1,22,16688905
1095,5,1,2,1,2,8762130
2403,1,2,3,1,16,14674535
1228,2,1,1,1,21,7273858
1865,4,1,2,0,18,12157071
896,2,4,1,2,26,6442343
1198,3,4,2,1,14,9601292
3590,4,1,3,1,25,22492689
2724,3,3,2,0,5,18316052
2135,4,4,1,0,25,14442899
895,5,1,2,0,11,6894346
2992,2,4,2,1,18,19520728
3804,1,1,3,2,5,23508891
575,4,4,1,0,10,5728874
764,4,4,2,0,19,6457492
3002,3,2,3,0,28,18731567
2319,5,1,2,2,19,15352121
1217,3,1,1,1,9,8215944
3282,3,1,2,1,25,19948556
3955,5,1,2,1,15,25668053
1350,1,4,2,0,26,7963535
1890,3,2,2,1,17,12448113
643,3,2,1,0,13,4887472
1384,4,3,3,2,3,11592795
3640,5,1,3,2,26,23331578
3670,2,3,2,1,11,23366624
895,1,4,1,0,19,5987046
3596,1,3,1,0,26,21785453
3495,5,1,1,1,22,22842011
3438,4,2,1,2,20,22729905
1992,4,2,1,2,7,14748358
3722,5,1,1,2,6,24445056
1667,4,4,2,2,25,11829619
3116,1,1,3,2,8,19696265
1562,1,4,3,1,23,9651870
2656,2,2,2,1,24,15970366
1565,5,4,3,1,16,11663836
1709,3,1,1,2,9,11810634
3482,3,1,1,2,28,21084814
2945,2,1,3,1,27,17516429
3794,2,4,1,1,2,25165407
1133,4,4,1,2,20,8638185
1656,2,4,3,0,24,10824686
3734,2,2,2,1,7,23979614
1738,3,3,3,2,13,12379078
1232,4,3,3,2,25,8738682
734,2,1,3,1,6,5554881
3205,2,2,3,0,15,19537499
1250,4,4,2,2,17,10081806
3135,5,1,2,1,10,20939823
3580,4,2,1,2,5,23539626
3645,3,1,1,2,19,22796334
1453,5,2,3,2,20,10787788
3039,1,2,1,2,13,19303050
3460,4,3,2,0,20,22036204
3824,3,1,1,1,12,24037857
3801,5,4,1,1,3,25750679
2042,4,3,1,1,19,14139848
1697,2,3,3,1,19,10877285
2176,4,4,1,1,10,15719898
1691,1,2,2,0,17,9988848
2717,4,4,2,2,0,19281936
1916,5,1,2,2,11,13462381
3493,5,4,2,1,17,23615258
3342,4,2,1,2,6,22443750
3181,5,4,3,2,11,22419570
1717,2,2,2,2,0,12270376
2040,4,2,2,1,21,13593251
2576,2,1,3,1,3,16167683
3736,2,4,3,0,17,23986466
1945,3,4,2,1,14,14007063
2886,4,1,2,0,2,19333608
2019,5,2,3,1,6,14390608
1888,2,4,2,2,5,13565889
2356,3,1,2,0,14,15126912
1865,4,2,1,0,14,13088221
999,4,1,3,0,5,7898467
2180,1,4,1,1,7,14649609
1010,1,1,1,0,7,6350566
3898,2,3,3,1,21,24113709
716,1,2,1,0,0,5440742
1824,2,3,2,1,25,11843221
1655,5,3,1,0,12,12424524
2327,2,2,3,2,22,14868383
3641,1,2,2,2,23,22197156
3823,5,1,2,0,20,23851610
3986,1,2,2,1,12,24766323
2310,2,3,2,1,10,15274443
2992,3,3,1,1,3,19655532
3423,4,4,1,2,6,23152527
1705,1,2,2,2,27,10293949
2714,2,3,3,2,11,17779607
590,5,4,2,1,26,5973238
1213,1,4,1,1,12,8464330
2381,1,1,2,1,21,14158234
538,4,3,1,0,11,4901289
3697,2,1,2,0,15,22299600
672,3,3,3,0,5,5385413
1152,5,1,2,2,13,9093373
1253,2,1,3,2,18,8401297
1743,5,2,3,1,15,12078563
1581,1,1,2,0,26,8854084
2183,4,2,3,1,25,14097719
3023,4,4,3,0,3,20547605
955,3,3,1,0,4,7137386
1328,4,4,1,1,8,10603089
1394,1,3,3,1,23,8364244
1884,3,4,2,0,2,13163150
2458,2,3,3,0,21,15582932
3572,4,1,2,2,9,23794485
2934,3,3,1,1,16,19146176
2496,1,3,2,1,18,15292343
2895,5,4,3,1,9,20575170
689,5,4,3,1,29,6091476
1004,1,4,3,0,11,7174854
1714,1,2,3,2,22,10328210
2031,5,2,3,1,6,14365549
3940,3,3,2,0,17,24568441
3980,5,3,3,0,18,25526718
1323,1,1,1,0,14,7991100
1428,4,1,3,0,6,9756958
1433,2,3,2,0,11,9586325
1640,4,2,3,1,21,11541060
633,4,3,3,1,28,5196774
2605,1,1,2,2,6,16940366
1184,5,2,3,1,9,9789578
3219,3,2,2,0,24,19715410
2720,4,1,3,2,23,17420412
2352,5,3,1,0,21,16032845
1314,3,4,3,0,27,9174321
1672,4,3,2,1,29,11040803
579,3,3,1,0,19,4339330
3433,5,1,2,1,29,21214494
3784,2,2,3,0,28,22618787
702,5,1,1,2,9,6358630
3311,1,3,2,0,24,19685508
1752,3,4,1,1,22,12147923
2199,2,4,1,0,4,14625197
1750,3,4,2,1,17,11848814
2182,3,1,1,1,8,14589429
2055,4,2,2,2,29,14016822
3973,1,1,1,1,15,23600363
2594,3,4,1,2,6,17707162
1756,5,3,1,2,24,12483364
3876,5,2,3,0,26,24707371
2049,4,1,3,2,24,13525878
1666,1,1,2,1,9,10292994
3986,1,2,1,1,4,24871350
1896,5,2,2,2,6,14068235
3830,2,3,3,0,4,24791662
3203,4,2,3,2,14,21519490
970,4,3,3,2,18,7499837
3518,5,4,3,1,9,23711397
1535,5,4,2,0,7,11849183
1853,2,1,1,0,23,10820903
3283,2,4,2,0,8,21519180
3331,1,4,1,0,10,20886478
1467,4,3,3,1,29,9645525
857,4,1,1,0,27,5318681
3519,5,2,3,0,21,22772482
3979,1,1,2,0,1,24707803
1167,4,4,1,1,2,10242404
872,1,2,2,1,12,5446936
1531,1,1,3,0,10,9764135
1645,5,1,2,1,27,11566719
1871,1,1,3,2,9,11585877
3223,2,1,3,0,26,18929663
589,2,3,3,1,14,4648561
3245,3,1,2,0,5,20693130
3887,5,4,2,0,0,26360008
3749,3,4,1,1,13,24049881
1039,2,3,1,2,17,7370876
3279,3,2,2,0,23,20497033
1368,5,2,2,2,10,10383909
540,5,4,2,1,7,6088271
1239,1,4,2,0,21,7489720
2446,4,3,3,1,2,17671547
3049,1,2,3,1,13,19296275
3506,5,2,3,1,1,23387940
3716,2,1,2,1,28,22668657
1724,2,1,3,0,15,10790050
1428,1,1,3,2,5,9217584
2536,5,3,1,2,0,18285091
3008,2,4,1,0,13,19393019
3279,5,3,3,0,9,22233121
3299,2,2,3,2,5,21878091
1424,5,4,3,2,8,11624350
3456,3,1,2,0,6,22313903
2081,5,3,1,1,24,14817601
3824,5,3,1,0,1,26091168
889,1,1,1,2,10,5903081
2117,3,3,3,1,13,14564331
3430,4,1,2,2,4,23123009
755,1,2,1,1,8,5348259
1208,4,4,1,2,6,10530277
2338,2,2,2,1,24,14921228
2444,4,2,3,0,13,16369291
2997,5,1,3,0,26,19356134
509,4,3,1,1,15,5419126
3371,1,2,1,1,21,20703974
1297,1,2,2,0,15,8409742
3813,4,2,1,0,6,24857443
3822,1,3,2,1,9,23660491
1376,1,3,1,1,20,8972468
1528,4,1,1,0,5,10919901
3690,3,2,1,2,16,24127215
1515,3,4,3,0,0,11046938
2324,2,3,2,1,1,15969451
873,1,1,2,1,26,4718642
3636,4,2,3,2,13,24362656
2693,1,4,3,0,3,17336861
723,5,3,3,1,26,6230039
1762,1,4,2,0,8,12169593
2724,1,3,1,1,22,16495818
2302,3,1,3,2,5,15356534
1352,4,4,3,0,16,9975357
3853,1,2,3,0,20,22726712
562,3,2,1,2,10,5166925
1740,2,3,1,1,27,11473497
3374,3,2,3,1,28,20454403
3342,3,4,1,0,3,22615291
1188,3,1,3,2,20,8566382
1984,1,3,1,0,26,11877675
2133,1,4,2,0,8,14121412
2652,2,3,2,1,27,16662228
3670,5,1,1,1,15,24133532
1010,5,3,2,1,2,9092838
884,5,2,2,1,3,8221644
904,2,2,2,1,23,5877192
3370,5,3,3,2,2,23977527
1017,5,1,1,0,12,8205782
975,3,1,1,2,18,6890925
2500,1,2,1,0,28,14483936
3256,1,1,2,1,24,19539467
2168,3,3,3,2,20,14577769
2393,3,4,1,0,25,15324668
3318,3,3,2,1,0,22385045
1960,1,2,3,1,22,12019337
3594,5,2,3,2,22,23633262
3544,3,2,1,2,5,22991550
3224,2,1,1,2,21,20234200
1213,3,3,2,1,2,9763756
582,4,4,1,0,2,6158838
1668,3,3,2,0,15,11692976
3656,1,4,3,2,9,24021554
3649,3,3,3,0,26,22692909
3004,4,2,3,1,24,19449144
2401,2,4,3,0,16,15642062
2548,5,3,1,1,6,18328328
550,3,1,1,2,12,5175740
1184,4,1,2,0,27,7231678
1216,4,3,2,1,10,9358279
1969,2,2,2,2,9,13704511
948,1,4,2,2,6,7013158
1380,3,3,2,2,23,9301587
987,4,1,3,2,5,8493619
2323,2,4,3,0,23,14347317
2581,5,1,3,1,0,18066659
3919,4,1,2,0,16,24994658
2642,2,3,3,1,24,16927787
3643,1,1,3,2,11,22892388
2074,1,4,3,0,3,14092735
2701,4,2,3,2,2,18943826
749,4,3,1,1,5,6999450
1173,3,4,2,2,25,9180120
937,2,3,2,0,27,6194779
2665,4,1,1,0,15,17365717
1270,3,1,3,1,12,8896414
3877,3,4,3,1,27,24070338
767,4,4,3,0,8,7179367
2484,1,2,2,0,25,14418621
1577,2,4,2,0,10,11196031
735,2,4,2,0,19,5264567
888,1,3,2,1,24,5516117
3537,4,1,2,0,20,22587604
1262,2,4,1,1,12,9714542
2348,4,2,2,0,22,15503668
2948,4,4,3,0,18,19219440
1123,3,1,2,2,2,8950271
3314,1,4,1,2,11,21575825
3874,4,3,3,0,18,24980190
3466,5,1,1,1,7,23383483
3778,1,4,3,0,13,24108602
1752,2,3,2,2,21,11693427
3400,3,1,1,0,8,21682501
1077,2,4,3,2,24,7632458
2622,2,3,2,0,23,16108406
934,1,2,3,0,16,5966064
2650,2,3,1,1,5,17757247
3993,4,2,1,2,3,26806407
1263,2,4,1,2,3,9935963
3285,3,3,1,2,18,21565904
3353,3,2,2,1,11,21202984
1829,5,1,3,0,24,12186654
2645,3,3,2,1,1,17847395
3345,2,4,1,0,16,21414779
1858,3,1,3,1,29,11522670
3406,1,2,1,1,14,20772070
2982,3,3,2,2,9,19638538
946,4,3,2,1,2,7939117
2517,1,4,2,0,28,15601765
1831,5,1,3,1,19,12365086
748,4,3,3,1,3,7323580
665,2,3,1,0,21,5079951
3531,2,1,3,2,0,22884685
1858,2,3,3,0,0,12503905
1519,4,1,2,0,17,10186894
1041,4,1,1,0,3,7710062
1258,4,1,2,1,22,9082090
3677,1,4,1,1,21,23169962
2628,1,1,1,0,14,15315060
2680,2,1,3,0,26,15461292
1296,3,2,2,2,24,9100918
3447,2,2,3,1,22,20773104
637,5,4,3,1,27,5424634
2731,1,1,3,1,20,16556570
3972,4,2,1,1,21,25480041
1853,1,2,2,0,9,11437432
3332,4,3,2,0,24,20997600
2375,5,1,3,2,16,15784253
3531,5,2,1,1,26,23149060
568,1,4,2,1,24,3585005
3093,4,3,2,0,21,20280871
2600,5,3,3,2,11,18261968
1973,2,1,1,0,19,11827846
704,2,1,3,1,11,4748673
2673,4,3,2,1,15,17984790
542,1,4,1,2,4,5194086
2406,5,1,3,0,28,15289928
2658,1,1,2,1,15,16332661
1260,2,3,3,1,16,8789555
3754,5,3,3,2,22,24721110
3395,1,1,3,1,28,19423846
2642,3,2,1,1,14,16765571
2494,4,1,2,0,12,16564913
3945,4,2,2,2,7,25644908
2435,3,3,2,2,26,15976442
1399,2,2,2,2,20,8976248
859,5,4,1,0,1,7933447
3447,4,3,3,2,7,23806132
2219,3,1,2,1,9,14882660
780,3,1,1,2,6,6412336
3766,2,3,3,1,9,23623386
2387,2,3,1,2,24,15510696
3766,1,4,1,2,3,24675082
1166,4,3,2,0,10,9437357
592,1,1,2,2,8,4673145
1171,3,4,3,2,3,10251194
2469,5,1,3,0,2,16661863
560,5,2,2,1,10,6197268
3181,2,3,1,2,2,20763481
3622,5,2,2,2,25,23516789
3974,5,1,3,1,17,25346043
1528,5,2,1,0,25,10632505
1989,3,2,1,2,18,13635407
1103,5,1,1,0,13,8012985
1181,5,1,2,1,23,8059247
3081,5,3,2,1,10,20746295
1928,1,2,3,0,23,11299189
3385,3,4,1,1,1,23208537
3192,2,4,1,1,26,20175933
2780,1,1,2,2,1,17722435
1023,4,1,3,0,1,7780290
2893,3,2,3,2,9,19444134
3617,3,1,1,0,22,21999084
3093,4,4,2,2,14,21629041
2468,4,3,1,1,21,16314438
1601,4,3,2,0,11,12034768
2253,2,2,3,0,10,14780028
2336,5,3,1,0,16,16014649
3644,3,1,1,0,17,22560900
3341,5,1,1,1,13,21857038
2796,5,1,3,1,16,18584408
2594,4,1,1,1,14,17210364
1644,2,2,3,2,11,10735294
2761,1,3,2,1,26,16400300
2786,2,4,3,2,15,18167168
1579,5,3,2,2,22,12142551
2897,2,1,3,1,5,18849528
606,4,4,3,1,1,6795784
3378,1,2,1,1,1,21008615
547,4,1,3,2,15,4458863
836,1,1,1,0,1,5933859
1549,5,4,2,1,7,11923469
3351,1,2,2,2,29,20283389
1780,1,4,1,2,6,12498726
2555,1,2,2,1,0,16758544
1124,2,1,3,2,3,8045590
2390,2,3,1,1,10,15926901
1776,5,1,1,2,19,12487156
2215,1,3,1,0,6,13907456
3266,3,3,2,2,17,21012247
802,5,2,2,1,3,7984153
1138,1,4,3,0,16,7716160
555,1,2,3,1,28,3666831
1225,2,1,1,2,28,7606496
1025,5,4,3,0,10,8533517
973,1,3,2,0,10,6189998
527,1,3,3,2,19,3831138
2625,5,1,2,0,10,17818071
3787,3,4,3,0,14,24105535
3957,5,1,2,0,13,24951895
864,5,1,2,1,16,7426669
3213,3,2,3,1,1,20810894
1025,5,1,3,0,17,7646278
3246,1,4,2,2,15,20761796
1835,5,1,1,2,11,12833230
1382,3,4,3,1,9,10552375
1530,4,3,2,2,27,11125105
1526,5,1,3,0,15,10375271
2146,2,4,3,2,2,15070331
1418,1,3,3,1,7,9671130
3297,1,4,3,1,26,20641985
2910,2,3,3,0,21,18382169
2274,2,2,1,1,21,14451647
2031,5,1,1,1,24,13341924
3845,2,1,1,1,23,22874794
3353,4,3,2,2,1,23049276
3286,3,2,1,1,21,20980227
2406,2,4,1,2,0,16518158
3586,2,2,2,1,28,21791708
1715,4,4,1,1,13,12892800
2154,1,4,3,2,24,14045236
984,1,1,1,2,3,6498310
2575,5,3,1,0,3,17936896
1213,4,1,1,0,8,8846241
1562,3,1,3,2,2,11039131
2476,3,1,3,1,4,16652958
1796,4,4,3,0,0,13776877
1754,3,1,3,2,21,11530744
2633,1,4,2,2,18,17141051
625,3,3,3,1,0,6293540
3359,3,4,3,2,9,22559453
1036,4,4,3,0,21,8212204
2692,4,2,3,1,29,16737398
3783,3,1,2,2,11,24623009
2572,2,1,1,2,9,16286278
2103,4,1,1,1,1,14859471
3965,5,1,3,1,15,25441926
566,5,2,3,1,7,6392806
732,1,2,3,0,13,5151172
2656,3,2,1,0,28,16620648
1669,2,2,1,2,14,11267969
2658,1,1,3,2,15,16692755
2775,3,4,1,1,10,18629537
610,4,3,2,2,11,6312583
1993,5,2,3,2,1,14604123
2581,2,4,3,1,3,17177354
1122,5,2,2,0,29,7836048
3940,4,1,2,0,2,25096319
3295,3,1,1,0,8,20730952
3142,4,4,2,2,17,21300987
2972,4,4,3,1,18,19697148
3160,5,4,1,0,6,21582445
2041,2,1,2,2,3,13466628
3239,4,1,1,1,5,20995754
1805,5,3,1,0,18,12833362
3891,2,4,1,0,0,25440747
2261,3,3,1,1,15,14793162
2475,3,2,2,2,10,16585235
2862,1,3,3,2,21,17765600
1376,5,2,3,0,3,11166767
2489,2,2,2,1,17,15911298
3948,4,3,3,2,22,25667178
1812,3,4,1,1,25,12309607
1960,2,2,1,1,28,12020699
3209,5,4,1,0,27,20973841
2824,1,1,2,1,28,16120193
2233,3,2,1,1,4,15593864
2105,2,1,1,1,21,13408276
2026,2,3,2,2,5,14530404
3171,2,4,1,0,29,19143696
3063,5,3,1,0,24,20511740
3921,5,2,3,1,27,25507759
3390,5,1,2,1,1,22658629
2897,4,2,1,2,11,19154359
2130,2,3,1,0,21,13647653
3370,3,4,1,2,8,22357293
1660,5,4,1,0,27,11335294
1258,5,2,3,2,19,9339110
3446,2,2,3,1,28,20942973
742,5,1,3,2,11,6911009
3090,4,3,3,1,28,20330864
1563,4,2,2,0,12,10486255
728,5,1,1,0,26,5591595
3095,2,2,3,1,21,19303717
1419,2,4,1,0,22,9525752
1746,2,1,2,2,16,11217385
505,1,1,1,1,4,3673588
3893,5,2,1,0,19,24954395
967,2,3,3,2,12,7877153
2255,4,4,3,2,28,15042848
574,3,3,2,0,12,5380402
503,3,1,1,0,9,4273443
2370,2,3,3,2,14,15768143
1145,3,1,3,1,14,7454758
617,3,3,3,0,17,4701416
3428,1,2,2,0,17,21145111
2129,4,3,1,1,1,15235272
3051,4,1,3,1,22,19485382
2521,1,4,1,0,10,16586521
1446,1,4,2,1,12,10217815
3121,3,4,1,2,10,20870951
1964,5,1,3,2,3,13994112
693,3,3,1,2,14,5951931
1346,1,4,1,0,21,8791197
3262,4,4,2,1,22,21997390
1915,3,4,2,2,24,13133915
3597,5,2,1,1,10,23511486
1958,3,1,1,2,17,12995816
2720,2,1,1,1,15,17364321
3871,3,1,2,2,9,24456875
2168,1,1,2,2,11,13257354
2873,4,1,1,2,12,19272253
1933,4,2,2,2,8,14254710
1641,1,3,3,2,26,10363948
3383,2,2,2,2,20,21675849
2310,1,4,2,2,12,14873369
1223,3,2,2,2,5,8948428
724,1,1,3,2,5,5454404
1031,1,2,3,1,10,6501123
612,2,1,3,1,18,4134960
2687,3,2,1,0,26,17115328
1058,5,1,1,2,10,9025346
2548,5,4,3,1,9,17926333
2637,4,1,1,1,22,17136510
1153,1,2,1,1,14,7248208
819,4,4,1,1,12,7856839
2073,2,2,3,1,22,12688130
2328,5,4,2,1,7,17368122
2417,1,3,3,0,4,16021561
638,2,3,3,1,1,5591169
3392,2,3,1,0,15,21232805
2526,1,2,1,0,12,15419011
2806,2,2,2,2,18,17350559
1401,1,4,2,2,8,10537196
1189,1,4,2,2,14,8868861
2539,3,4,2,1,5,18117242
509,4,4,3,2,7,5996461
760,2,1,2,1,23,4539116
2442,2,3,3,1,13,15493530
2173,3,1,1,2,4,15068433
2719,3,1,2,2,16,17661585
3445,3,1,1,0,21,20818250
2560,5,1,1,0,6,17123509
1691,5,3,3,1,8,12632932
2119,5,1,2,1,15,14472760
820,1,4,3,2,17,6506115
1842,2,2,1,2,27,11720644
2136,4,4,2,0,12,15431838
2876,1,2,1,2,17,17989184
3332,2,4,1,1,9,21653483
3324,2,4,2,2,0,22355217
2494,3,2,2,0,20,16188226
3458,3,3,2,1,17,22554532
2443,1,1,3,0,18,14340907
2538,3,4,3,0,1,17488676
3990,2,3,1,1,26,24310595
1618,3,1,2,0,3,11143933
2104,5,3,1,2,10,15093551
2865,3,3,1,2,2,19389570
735,2,1,1,0,8,4876984
2469,1,4,1,2,9,16407280
833,4,3,1,0,27,6258357
2408,3,4,2,2,1,17670422
875,2,4,3,0,6,7022393
1660,4,4,2,2,14,12065699
3135,4,1,2,1,26,19679657
2070,5,2,2,1,29,14243426
3060,4,4,3,2,18,20678135
1819,2,2,3,0,9,12077896
3891,2,2,3,2,23,24015724
3465,3,3,2,0,19,22313632
2355,3,4,3,2,13,16239950
1872,3,4,1,2,3,13900494
1372,4,4,3,1,24,10514366
1752,4,2,2,0,10,11856670
2817,5,1,2,0,2,19062650
2351,3,2,1,0,22,14525547
3345,1,4,3,0,16,21020761
1814,5,4,3,0,6,13439846
1224,1,4,1,1,25,8151744
3736,4,2,2,2,10,24380966
2552,5,4,2,0,17,18116756
3398,5,3,3,0,27,22052873
3950,2,4,3,2,13,25137420
577,4,1,3,1,13,4737196
3981,4,3,3,1,5,25969574
3121,5,4,3,1,28,20930459
631,4,3,2,2,8,6117224
1100,5,4,2,2,21,9394167
2272,2,1,2,1,2,14788485
1565,5,4,2,1,16,12001793
2636,4,3,1,2,27,17768983
2949,4,1,2,1,11,18863915
2843,5,2,1,0,3,19277805
2363,5,1,2,2,19,15723619
1818,5,1,3,1,15,12542647
1115,3,1,3,0,28,6909694
3347,4,3,3,2,23,22147974
2969,4,1,1,2,9,20041331
2388,3,4,2,0,25,15219575
1546,5,1,2,2,29,10862570
1074,2,1,1,1,28,6766362
2690,5,4,1,2,6,19708891
1492,5,4,1,1,9,12390874
3212,3,2,1,0,6,20533697
2692,4,1,1,0,22,17422504
1748,5,3,3,2,27,12974069
3554,4,1,2,0,17,22784966
1002,1,1,1,0,8,6206048
2497,4,4,3,2,21,17172194
1320,2,2,1,1,17,8696157
2651,2,1,3,2,16,16871545
3610,5,3,1,2,10,24194564
2470,4,1,2,1,0,16659310
697,5,3,1,1,16,6615147
2169,3,4,1,1,3,15845062
3126,2,2,2,2,3,20202896
2938,5,1,2,1,13,19199656
1702,3,2,1,0,27,10163076
3101,5,1,2,1,8,20894156
1971,4,3,2,0,12,13391211
3586,4,2,3,1,27,22837970
2146,4,1,2,0,27,13094774
2192,4,4,2,0,15,15488329
1812,1,3,1,0,0,12354895
2535,3,2,1,0,2,17032631
977,3,1,3,0,18,6943241
1754,4,2,1,1,7,12974137
1422,1,1,2,2,17,9369314
919,4,3,2,2,5,7923270
2704,1,4,2,2,26,16901014
3097,4,3,1,2,19,20649855
1620,2,2,2,2,28,10601827
3568,2,2,2,0,25,21772473
3544,5,1,3,1,5,23429944
3982,4,3,3,0,28,25324192
1450,3,1,3,1,4,9938912
2836,5,3,1,1,11,19763764
1777,2,2,2,1,8,11709420
2743,4,1,2,1,8,18178770
3145,5,1,2,2,16,20431913
2357,4,3,3,1,18,16467532
1016,2,4,2,1,16,7381752
2158,5,3,2,2,21,15335636
2365,2,4,2,0,15,15773110
3412,1,3,2,0,11,21391312
1641,2,2,2,0,2,11284657
3353,4,1,1,0,13,20868318
2432,3,3,2,1,16,15981498
3730,2,2,1,2,21,23018155
1314,3,3,2,2,15,9514931
2775,1,1,1,0,20,16224430
2400,5,3,2,2,11,17645592
2763,5,4,2,1,27,19158932
3495,3,1,2,0,23,21750020
2562,5,4,2,1,29,17757464
3728,2,2,3,1,1,24157415
3832,3,2,2,1,7,24556449
3728,4,3,1,1,11,24843654
2594,2,4,3,1,20,16584896
2871,2,4,3,0,15,18698271
3391,2,1,2,1,7,21756777
629,4,4,1,0,27,5590938
3982,1,4,1,2,15,24932922
594,5,1,3,1,9,5536526
3174,3,1,1,1,19,19442328
3302,1,4,2,2,14,21384898
2455,3,3,2,0,3,16704204
3863,5,1,2,1,25,24777089
1293,4,1,2,2,14,9893347
2334,2,4,2,2,3,15935119
3854,2,4,3,1,29,23707635
2616,4,1,2,0,10,17223298
2183,1,4,2,0,5,14649791
510,1,1,3,1,3,3488801
3825,3,3,3,2,8,25368835
2365,4,3,3,1,8,16868612
3419,1,1,1,0,2,20894684
3097,4,1,1,2,22,19584587
3705,5,2,2,1,27,24208139
1211,2,2,2,2,4,8473943
2570,2,4,2,0,14,16865018
1314,2,4,1,0,27,8305055
845,4,1,2,0,8,7027758
2849,4,1,2,1,1,19448769
862,3,2,1,2,2,7197144
2943,2,2,3,1,25,18151593
2765,3,1,1,1,20,16842479
2688,2,3,2,1,11,17562400
3505,3,3,1,1,15,22501719
3781,3,4,3,2,4,25873771
1484,5,1,3,2,9,11471972
3540,3,1,3,1,27,21610113
2139,4,4,3,1,14,15191607
1327,3,2,3,0,13,9368836
3230,2,2,3,0,13,20201097
3551,3,3,2,2,22,22566462
855,1,1,2,0,12,4762205
3555,2,2,1,2,15,22463321
1847,1,3,2,2,29,11659964
3704,2,3,3,2,7,24498061
3435,4,3,2,0,7,22427170
2363,4,2,1,0,29,15384294
626,4,2,3,2,16,5266947
3677,1,1,2,2,29,22133258
3556,5,1,2,1,16,23107631
1103,2,3,1,2,2,8633290
3949,4,3,3,2,0,26844489
2428,2,2,1,1,16,15792123
1513,1,2,3,2,25,9468846
550,5,1,3,2,23,5338357
3600,1,1,2,2,15,22313001
3867,2,4,1,1,16,24909655
3868,5,1,1,0,24,23904320
3326,5,2,1,2,1,23324833
1930,1,3,3,1,24,11834781
2292,4,4,1,2,13,16516524
3361,2,1,3,1,6,21478167
2136,3,1,1,2,24,13180702
3976,3,2,1,1,18,25473430
3917,1,4,2,0,0,24813945
2145,2,1,1,0,16,12812184
2967,2,3,2,0,26,17781297
1705,1,2,2,2,9,11674759
3530,2,4,3,1,5,23082101
3372,4,1,1,2,6,22750880
3572,1,1,1,2,24,21069011
2354,4,4,1,1,5,16597021
1066,2,2,2,2,4,8254206
2918,1,4,1,1,29,17480353
1435,2,4,3,1,1,10317430
2434,1,2,3,0,17,14411400
3208,2,1,1,0,23,18840223
3516,4,3,2,0,16,23273301
1832,4,2,3,1,23,11950691
3708,2,3,3,0,26,22968916
701,1,1,2,1,25,4054794
2860,3,4,3,2,26,18418736
616,4,3,2,0,22,4733852
1436,4,1,3,1,6,10165939
1074,3,1,2,1,20,6722604
2791,2,4,3,1,18,18227673
1036,1,4,1,1,6,7808050
2125,2,1,3,0,22,12631416
2622,5,1,3,0,6,17386837
885,4,3,1,0,15,6754798
3781,5,1,1,1,11,24878403
974,4,1,1,2,14,7786818
917,4,3,1,1,14,8028555
2894,5,2,2,2,10,20339662
3187,5,3,2,0,1,22137916
1438,2,3,3,1,2,10843523
1454,5,4,3,1,18,10888919
1375,2,3,3,0,19,8630731
1262,2,1,2,1,27,7606292
1702,2,1,3,2,24,10302028
1705,4,1,3,2,25,11770158
1163,4,2,2,2,14,8629882
524,5,1,3,1,15,4899216
2490,4,2,2,1,0,17622084
1703,5,1,2,2,14,12342535
1209,4,3,1,1,11,9892266
2379,1,4,1,2,6,16472334
1684,1,1,2,0,6,10574283
2724,5,2,2,2,10,19289855
784,4,2,1,0,19,6188707
562,4,4,3,0,28,4472349
1502,2,1,3,0,10,9698257
1161,3,3,3,2,16,8557196
3213,5,1,2,2,2,21789358
2703,3,1,1,1,15,16967983
1992,3,4,3,1,4,14067391
3620,5,1,1,0,27,22635058
1466,4,3,1,2,1,11445613
1348,5,2,2,1,22,9406858
1607,3,4,3,1,29,11341048
3932,4,3,1,1,25,24632765
1188,1,2,2,2,25,7296086
647,5,4,2,1,6,7199826
841,5,4,2,0,27,7227716
3023,4,2,3,2,9,20200178
1586,1,2,3,1,4,10361305
2224,1,3,2,1,14,14155491
1883,4,1,3,2,11,12839883
3108,2,1,3,1,9,19805831
826,5,1,1,1,21,6009565
2292,5,1,2,0,16,15599746
2259,3,1,2,2,19,14485522
3712,4,3,3,1,19,24280986
1489,3,4,2,2,10,11830234
2762,3,3,2,2,7,18522839
2982,1,3,2,0,14,18830361
1451,5,3,3,0,1,11280876
1222,3,4,3,2,16,9392153
3889,1,3,3,0,22,23566374
2579,4,3,1,0,5,18204086
3217,3,4,2,1,20,21337641
2832,5,3,1,0,27,18501281
3876,3,1,3,0,12,24089995
928,4,2,1,1,28,6796822
2000,3,3,2,1,28,12628841
785,5,2,2,2,7,7078409
3715,1,3,3,0,10,23106482
3995,5,3,3,1,14,26631238
3590,1,1,1,0,12,21812316
2565,2,4,3,2,17,16884707
1268,5,2,1,0,17,9233356
3137,5,4,2,0,24,20801207
1894,4,1,2,0,16,12742119
3746,3,1,2,1,21,22781317
3557,1,2,2,1,12,22255148
693,1,4,2,2,28,5320059
3049,4,1,1,0,2,20163890
1487,4,3,2,2,28,10682965
1636,3,3,1,2,20,11778645
2661,3,3,2,1,23,16814010
3793,5,4,1,0,6,25794643
2201,2,3,1,0,28,13458718
1446,3,3,1,2,11,11064977
1330,4,1,3,0,3,9404606
2420,3,1,1,1,23,15515152
3835,1,3,1,2,26,23025009
3472,2,3,2,2,26,22048678
554,5,1,1,1,25,4676473
1299,1,2,1,1,10,8955300
1277,1,4,3,1,13,9108415
1981,2,4,2,1,17,13134632
2401,5,1,3,1,6,16202642
2709,4,4,3,1,4,19137473
3951,5,1,3,2,15,25844654
2634,3,1,1,0,10,16717059
554,1,1,3,0,21,3277937
2323,3,1,3,2,2,16152454
1701,4,2,2,0,15,12135113
3962,3,3,2,0,10,25057333
3920,5,3,2,2,9,26117511
3579,3,2,2,0,22,22540628
1332,4,4,3,0,22,9790673
812,4,4,2,2,1,8372524
3306,4,3,1,0,15,21307443
2358,5,4,3,1,16,16368272
2507,4,3,2,2,9,17258449
2506,1,3,3,0,17,15514197
2990,4,2,2,0,11,19235939
2290,3,4,3,1,7,16260045
827,3,2,2,2,26,6380298
3625,3,3,1,2,25,22945625
3308,5,3,2,0,2,22206527
3810,3,3,3,1,26,24080729
3800,5,1,3,1,19,24664497
3126,5,1,1,1,23,20466239
3622,4,1,3,1,2,23292856
3554,1,2,1,1,5,21961867
1787,4,3,3,1,1,13147993
3989,4,4,3,2,2,27320423
2643,5,2,1,0,16,17350023
1611,5,2,3,0,8,11797476
3649,3,2,3,1,3,23801314
1811,3,4,1,2,21,12619365
3691,4,3,2,2,22,23900349
3361,2,1,1,1,1,21647688
3038,2,3,3,0,23,19167735
951,3,3,2,1,27,6457958
2023,2,2,2,2,8,13896861
664,3,2,2,1,13,4953098
681,5,2,1,0,25,5576670
3016,4,1,2,0,10,19947127
1409,1,1,2,2,1,10063759
3282,4,1,2,1,20,21247875
1322,3,3,3,1,1,10685893
1443,3,2,1,2,26,10079710
2501,4,4,1,1,4,17848558
2554,3,3,3,2,6,17842925
829,2,1,2,1,21,5663332
1274,2,4,3,0,3,9385755
2698,3,4,3,2,13,18745329
3656,3,2,2,1,1,24433191
646,2,4,2,1,22,4661442
3952,3,1,1,1,11,25091405
1414,3,2,2,2,9,10445524
2071,4,4,3,0,24,13889895
1808,1,2,3,1,0,11982062
3247,2,4,2,2,18,21027800
581,4,3,1,1,22,5151020
1013,1,3,3,0,15,6700959
2420,3,1,2,0,14,15228542
3362,3,3,1,0,13,21487677
3256,4,3,1,2,8,22359137
2439,3,3,3,1,28,15245711
1245,5,4,3,2,20,10255162
3570,4,4,1,1,22,23302982
1909,1,2,1,2,14,12430638
1206,4,4,1,1,25,8906603
970,2,3,2,2,6,7685196
3690,4,4,3,1,3,25263911
895,3,1,1,2,20,6343655
2055,3,2,3,0,17,12950655
2808,5,2,3,2,7,19978111
1304,5,4,3,0,11,10887182
1433,5,3,1,0,14,10368400
1779,1,2,2,1,14,11257964
2257,5,1,1,0,16,14808378
1404,1,1,3,0,1,8988556
3797,5,2,1,1,11,25218739
1576,1,3,1,2,2,11526691
3487,4,3,3,2,6,23261598
2390,4,4,3,0,5,16855594
2023,3,4,1,2,13,14184770
3401,1,2,1,0,22,19807207
1887,2,4,1,2,26,12937762
1803,3,4,1,2,4,13100844
1092,4,4,2,2,29,8357636
3261,1,1,1,0,3,19668097
3729,5,4,2,1,14,24744069
3179,2,2,3,2,6,21155918
2606,4,3,2,2,2,18434645
627,3,4,3,2,12,6402023
1235,1,3,2,0,9,8685095
3268,2,4,3,1,22,20893536
3686,1,2,1,0,1,23522164
3780,5,1,2,2,11,25031601
3073,3,2,2,0,27,18754393
1020,1,1,3,2,23,5710459
3099,4,4,3,2,27,20515300
736,3,4,2,0,21,5771193
1804,4,1,3,2,11,12538475
3930,1,2,1,2,18,23921832
3772,3,2,2,1,18,23475171
2281,4,1,1,0,20,14188599
1801,5,4,2,0,2,14386352
3806,5,1,1,2,5,25638951
3041,1,4,2,2,1,20398693
2551,3,1,3,0,23,15769687
3213,2,4,2,0,12,20575877
941,3,1,1,0,26,5852250
2576,5,3,2,2,27,17312946
3680,4,4,1,1,26,23610926
3157,2,2,1,1,8,20658683
1304,1,1,1,2,12,8820878
574,2,2,3,2,22,3876970
3385,1,1,2,2,13,20831671
3717,2,2,1,0,18,22473140
2675,1,2,3,2,10,17142251
2589,1,1,1,0,13,15577145
1879,2,1,2,1,15,12236735
540,2,2,3,2,9,4273956
3481,1,2,1,2,19,21650014
2581,5,2,1,0,15,17396411
3588,2,4,1,0,27,21996342
2200,3,4,2,0,25,14093429
3724,4,3,3,1,1,24859016
3545,1,4,3,1,24,21424902
1901,1,4,3,2,15,12413922
1087,4,1,1,2,13,7820554
2122,5,3,3,0,20,14830394
841,4,3,1,1,27,6666203
2574,2,4,2,2,17,16733352
3858,4,1,3,0,25,24164922
1145,1,1,1,0,5,7061372
1230,4,3,3,1,6,10032174
667,3,1,3,1,12,5233753
1109,2,2,2,2,1,8968477
2815,4,4,3,2,14,19683089
2272,1,2,2,0,16,13364800
2540,2,3,3,0,12,16598362
3368,1,3,3,0,6,21437783
954,5,1,3,2,0,8121143
3453,3,1,3,1,2,22510817
2208,5,3,3,2,19,15426749
3972,3,3,3,1,17,25594380
3469,4,2,2,2,6,22792871
3528,2,2,2,2,20,21901857
1201,4,1,1,1,16,8359350
3181,3,2,3,2,27,20326358
2099,3,1,2,2,11,13657682
629,3,1,3,0,15,4477661
3567,1,4,3,1,23,22169344
2345,2,1,2,1,9,15463194
1886,4,2,3,0,22,12508783
3366,4,3,2,1,15,22304435
1192,5,3,2,0,19,8767233
3863,3,2,1,1,17,24854755
1894,3,3,1,1,14,12663479
1293,3,1,1,1,22,8379777
528,4,3,1,1,10,5644960
648,5,2,3,0,17,5194714
1819,1,3,3,0,5,11593613
2558,2,1,1,1,0,16335711
3223,1,1,2,2,29,19376910
1636,4,2,2,0,22,11193422
686,3,2,2,1,6,5430546
3354,2,2,2,0,11,21464969
3291,4,4,3,2,19,22349222
1750,4,4,2,2,3,13343948
1833,4,1,2,2,9,13353579
597,2,4,1,1,20,5206805
554,2,4,2,1,1,5459157
3170,5,3,3,2,8,21549974
3211,5,4,2,0,9,21560183
1257,1,3,2,0,19,8317922
905,2,2,3,2,10,6430361
2616,2,3,1,1,24,16265292
3883,2,3,3,0,13,24222151
1812,5,2,1,0,2,13869423
2285,4,2,2,0,24,15108671
1250,3,1,1,1,0,8858747
3719,5,1,1,2,6,24738924
2262,2,1,1,1,3,14897533
3815,5,1,2,0,6,24553996
3505,1,3,1,2,15,22389814
864,2,3,1,1,29,5734937
2526,1,1,2,2,9,15633748
981,2,4,3,0,14,7582991
2748,5,1,3,1,15,17886099
653,4,4,3,2,5,7022661
2024,3,2,2,1,3,13757752
2620,1,3,2,0,3,16575573
3260,5,3,3,2,23,21857079
2843,4,4,1,0,22,18972256
1540,5,1,3,2,3,11937403
2164,1,3,2,0,26,13156701
1740,3,4,1,0,21,11665253
560,5,2,1,1,21,5069853
1438,2,2,2,0,16,9145485
2139,4,3,1,1,12,15091777
2589,5,1,3,0,1,18094309
524,4,4,2,0,19,4796417
1562,2,3,2,0,5,10902323
630,3,2,2,2,21,5197765
1752,3,1,2,1,0,11986420
607,2,4,1,2,7,5403141
671,4,3,2,1,17,5676766
1958,5,4,2,0,28,13241381
601,2,1,1,2,20,3747767
3413,1,1,2,1,3,20898456
3071,4,2,1,0,4,20438820
2822,3,1,1,1,4,18385189
2136,2,3,2,1,14,14148853
3615,3,4,3,0,9,23753749
3364,4,1,2,2,7,22124721
3504,3,1,3,0,25,20884159
1540,2,3,1,2,6,11449523
829,4,4,3,1,11,7780016
2020,1,4,2,1,29,12911293
511,2,2,2,1,24,3400379
1841,5,2,3,2,27,12763823
715,2,4,2,0,10,5491696
838,4,3,3,2,12,7304832
2299,2,3,1,1,14,14560550
3208,1,2,3,1,16,20117567
3652,1,1,3,0,21,21679104
2250,5,3,3,2,21,16341343
2008,3,1,3,1,17,12721775
2921,4,3,1,2,26,19513557
3523,4,4,1,2,7,24016625
1209,3,2,1,0,5,8354581
1723,1,1,3,0,10,10846917
3013,1,1,1,1,28,18022971
1612,2,4,2,0,25,10131402
1791,5,3,1,2,8,13853842
988,5,1,3,0,25,7076686
2061,5,3,2,2,4,15560631
546,2,4,3,1,6,4858762
3859,5,2,2,2,21,25506172
1277,3,1,3,0,26,8130758
1539,2,3,3,0,14,10438003
1210,3,1,2,1,20,7598560
900,2,3,1,0,21,5635877
2317,5,3,2,1,3,16673300
3528,3,3,2,1,18,23019400
3657,3,4,2,0,12,24196718
749,3,2,2,2,0,6914877
890,2,1,2,1,0,6515533
834,4,2,3,2,21,6622910
1128,5,3,3,0,13,9438312
636,3,3,1,2,8,6496491
3430,4,2,1,2,23,22487370
3235,5,2,2,2,11,21789644
2021,5,1,1,2,17,14031383
1326,3,3,1,0,8,9478878
1226,3,2,2,0,7,8454278
2000,2,4,3,2,29,13477133
3141,4,3,3,0,13,20490481
3794,4,3,1,0,27,23645437
1489,3,1,3,1,8,10395383
2919,5,4,3,0,19,19525522
1434,3,1,1,2,24,9754261
3542,5,4,2,0,1,24102473
901,5,1,1,0,28,6137974
1966,3,4,1,0,0,13742939
1114,1,4,1,0,12,7983397
1796,4,4,2,1,24,12400372
1682,5,2,2,2,9,12290419
3723,5,3,2,2,7,25247057
3542,1,4,2,0,6,22831704
3167,2,2,1,0,29,19025517
2735,1,2,3,1,28,16515823
1621,1,1,1,0,23,9444182
630,5,3,2,1,11,6434358
3352,4,3,3,2,16,22011795
1694,1,1,1,2,29,10062333
3483,2,3,3,1,24,21941567
3533,3,1,2,2,11,22882404
682,1,2,3,0,15,4203237
3530,1,2,3,0,9,21739467
863,2,4,2,1,26,5989770
538,4,1,3,2,24,4170763
3044,1,2,1,2,11,19539873
1872,1,2,3,1,10,12266483
3529,4,1,1,1,24,22526622
1420,2,2,3,2,28,8690956
3968,1,3,3,1,13,24954963
3269,4,2,2,0,21,20937403
3732,1,1,2,2,19,22238108
515,3,3,1,1,12,4939331
992,5,3,2,1,1,9079350
1949,3,2,2,1,26,12034236
1631,1,4,2,2,19,10488214
3441,2,3,2,0,6,22062614
810,5,1,2,0,0,7237697
1238,3,4,1,2,29,9044228
3741,4,4,1,1,24,24388377
1045,2,3,2,2,2,8488335
2961,3,2,2,2,28,18707716
750,4,4,1,1,28,6020427
1258,1,2,3,2,19,8324853
2304,4,3,1,0,11,15737330
3712,3,1,3,2,4,23741461
1797,3,4,2,1,11,12416734
3987,1,1,2,2,28,23429156
2131,4,2,1,0,2,15237539
2414,4,2,2,2,19,16083033
3610,1,1,3,2,4,22272168
1313,4,3,3,2,27,9636458
528,1,3,1,2,0,4872895
1457,2,4,3,1,15,10707247
2532,3,4,1,0,29,16059933
976,2,3,1,0,8,6899543
817,5,3,3,0,9,7532939
744,5,1,3,2,28,5559174
1247,5,2,3,0,9,9691070
1196,1,2,3,1,12,7396160
771,4,4,3,2,15,7318584
2271,2,3,3,2,29,14292319
1762,2,1,3,0,19,10706296
2924,2,4,2,2,28,18197077
765,2,1,1,2,24,4780678
3473,5,3,1,0,3,23388780
1420,2,3,3,1,13,10088290
3930,4,3,1,1,16,25915540
839,5,2,3,0,27,6620918
888,2,3,2,1,4,6672096
3124,1,4,1,1,12,19527435
2550,3,2,1,1,24,15683152
1665,3,1,2,2,2,11499620
875,3,4,2,2,4,7771096
2533,5,4,2,2,15,18454070
2871,2,1,1,1,18,17408816
645,5,2,1,2,27,6023868
2481,4,4,2,1,18,17076684
792,1,4,2,0,16,5747854
931,1,4,2,1,17,6768143
1204,3,2,2,2,17,8834763
3496,3,2,2,1,24,22307556
2498,3,2,3,2,22,15711838
3132,2,4,2,2,7,21267351
898,4,3,3,0,17,6878039
3364,4,1,1,0,8,21494139
3915,4,3,1,2,28,25370385
1463,4,2,3,1,18,10768118
3711,3,4,2,0,9,24315881
2734,1,4,1,0,28,16759460
2541,3,3,2,2,1,18176623
2328,4,3,2,1,27,15060792
2608,3,1,3,0,16,16442802
1438,4,4,1,0,24,10001132
3951,5,3,1,1,23,25941427
1209,1,1,3,0,12,7614198
1306,5,2,2,1,27,9741824
1963,2,3,2,2,10,13617425
3890,3,2,1,0,15,24884671
1825,2,1,3,2,19,11439373
3915,3,2,3,1,6,24841471
510,5,4,2,2,27,5734580
1585,4,4,2,2,29,11267039
2368,4,2,3,2,2,17119128
2773,3,4,1,1,15,18573917
3724,4,1,2,1,18,23753216
3111,5,4,3,1,19,21221339
1271,4,2,3,1,15,9810115
2094,5,2,3,1,1,15109131
2107,2,2,1,0,13,13633693
1833,5,3,2,0,25,12650434
1384,1,2,2,0,19,8673901
3814,1,1,2,2,9,23653764
1889,1,4,1,2,18,12763081
3901,3,4,2,1,23,24478372
3678,3,3,2,1,10,24381576
725,3,3,2,0,17,5667694
1324,5,1,2,1,10,9843898
2765,3,2,1,2,8,18025017
1436,2,3,3,1,18,9438849
3300,1,4,3,0,19,20624966
3053,5,3,2,1,28,20441343
2806,1,3,2,2,9,17924750
2411,3,2,2,0,29,14408469
2296,5,3,1,1,25,15773942
553,4,1,2,2,2,6070823
3618,2,4,1,0,2,23986617
1226,3,2,2,0,23,7956470
3236,3,4,2,2,7,22035606
2044,2,1,3,1,28,12492711
3670,2,1,2,1,28,22127574
1543,4,3,1,1,5,12043183
2413,3,3,3,0,19,15385177
2276,3,3,1,0,0,15330070
2096,1,4,3,1,19,13812301
2414,5,1,1,0,23,16086732
2966,5,2,3,0,5,19821768
3237,1,3,1,2,1,20937399
1349,5,4,1,1,18,11050910
2609,2,3,2,1,27,16306129
3716,5,1,3,1,6,24831409
2763,5,2,3,0,10,18707622
502,1,1,2,0,10,3445177
659,4,4,1,0,3,6995566
1280,5,3,1,1,19,9944810
3691,5,1,3,0,15,23891068
1392,4,4,1,1,4,11684654
2530,1,3,3,0,23,15384985
3660,4,2,3,1,29,23388226
2876,1,1,1,2,29,17394368
1079,2,3,1,0,6,7832696
2433,1,3,1,1,24,14571935
1880,2,3,2,2,15,12246029
1790,2,3,3,2,14,12591982
2140,1,1,1,0,4,13605245
1451,3,3,2,1,0,10799533
3894,1,4,1,0,19,23984258
3182,5,1,3,2,21,21267712
1487,5,3,2,0,21,10757909
1718,3,1,3,1,8,11495651
1420,2,4,1,2,25,9779853
3285,3,4,1,0,28,20447648
1855,5,1,1,0,20,12543007
669,3,3,2,0,4,5502499
1020,1,3,2,0,21,6495671
1986,3,4,2,0,26,12655199
539,2,3,2,2,5,5124998
2060,1,4,1,2,2,14662078
3832,4,3,1,1,5,25206816
1918,5,4,1,0,7,14667145
1454,5,2,2,1,27,10542699
3797,3,3,2,2,5,25422296
1483,1,3,1,0,15,9548485
3695,4,3,1,1,27,23495775
1474,1,1,2,0,15,8935489
537,5,3,3,0,26,5053218
2875,1,1,1,1,20,16772246
1774,4,1,1,2,2,13392866
1699,3,4,1,1,16,11838524
2125,2,1,2,1,20,13582498
1413,1,1,1,1,5,8719284
953,2,2,1,0,29,5548322
536,5,3,1,2,5,6076994
3887,3,1,1,2,29,24368378
2211,3,3,1,0,21,14463844
3520,1,1,3,2,18,20975277
1295,3,4,3,1,19,8985316
1472,1,2,1,2,14,10073967
1092,1,1,1,0,18,6583099
1637,2,3,1,2,1,12394392
3611,3,4,1,0,7,23965088
1824,1,3,2,1,6,12229613
2771,2,4,2,0,26,17500448
817,4,2,2,2,7,7613354
2896,2,4,3,1,12,19164237
2662,2,3,1,2,21,17015000
3245,1,3,2,0,26,19336708
1846,5,1,1,1,14,13027091
2091,5,4,1,0,11,15497851
3611,5,3,3,2,14,24088088
2389,2,1,3,0,13,14468821
2587,1,2,2,2,6,16529998
2496,3,3,2,2,16,17196408
2272,2,1,3,1,25,13341796
1812,2,3,3,1,4,12221427
1785,1,4,1,0,19,11856470
715,4,1,1,2,9,6721060
3718,2,4,2,2,18,23750679
2883,4,2,2,1,17,19011143
3739,4,4,3,1,29,24210060
2639,5,1,2,1,29,17248065
2900,1,3,1,1,24,17366958
3118,4,1,3,0,23,19173716
3363,1,4,1,0,9,21065497
2204,5,4,3,0,1,16684487
3328,1,3,3,0,5,20929858
862,2,2,1,1,2,6930374
3104,4,1,2,0,18,19575490
3916,1,3,2,0,4,24492862
2216,3,3,2,0,6,15264533
1693,1,3,2,1,6,11439313
855,4,1,1,2,26,6528981
690,5,1,3,1,9,6279141
2969,5,1,1,2,0,20819783
1199,4,2,2,2,10,9217300
2554,2,3,2,0,22,15924509
2680,2,4,1,0,6,17506560
1056,5,4,3,0,5,9190542
1325,5,3,1,1,5,10746679
3308,4,4,1,1,12,22611595
1554,2,2,1,0,15,10358568
3082,5,2,3,1,12,20889584
925,2,1,1,1,1,6888363
3965,5,1,1,2,18,26070677
3219,1,1,2,1,18,19169459
2910,3,1,1,2,28,17663245
2074,1,1,2,0,18,11760010
2629,5,4,2,1,17,18071505
2903,3,4,2,2,24,18986692
3829,3,1,3,1,5,24236749
1088,5,2,2,2,1,9769805
2512,5,4,1,2,18,17671459
2047,2,2,1,1,25,12452796
794,5,2,2,0,5,7122678
2485,4,3,2,2,19,17409733
1747,5,3,1,0,22,12730034
2048,4,1,2,1,21,13384776
3617,5,2,3,1,14,23794317
2190,2,4,2,0,5,14772323
1636,4,3,3,1,27,10933022
1756,1,3,3,2,2,12615871
2564,4,2,3,0,10,17188554
859,2,3,2,1,7,6685140
3794,4,3,3,1,24,24376829
3413,5,4,3,0,21,22454802
1199,5,2,2,2,17,9524615
947,2,3,3,0,16,6699722
3403,3,2,2,1,18,21635942
2912,5,3,1,1,18,19762218
1174,1,4,3,0,23,7911114
1507,2,2,2,2,20,10100878
1849,4,3,1,2,16,13480342
3014,4,4,3,2,26,20115063
2961,1,3,3,0,3,18833206
1085,5,2,2,2,6,8815378
1756,2,3,1,2,4,12868834
1747,1,2,2,2,25,11188945
1493,5,2,3,2,28,10623196
1935,2,3,3,1,15,12389712
1071,4,4,3,0,5,8763204
2882,2,1,3,0,13,17893355
1745,3,4,1,2,25,12612419
2584,2,4,1,0,19,16287103
1488,3,3,2,0,1,10868478
777,2,4,2,1,24,6117116
1719,3,4,2,0,17,11886554
3463,4,1,3,1,17,22280353
2387,5,4,2,0,12,16515104
983,3,1,1,1,27,6607197
1765,3,3,2,1,17,12304413
3895,4,1,2,0,16,24459554
1230,3,2,1,1,12,8746412
2739,1,2,1,1,27,16212821
1540,4,1,3,0,11,10236540
3071,1,2,1,1,2,19170385
1417,4,3,1,1,21,10066793
2948,3,2,2,1,6,19208318
1385,1,1,1,1,0,9330108
3252,3,3,3,1,29,20562806
521,4,2,2,2,4,5800458
973,3,3,3,1,20,7022726
3691,1,1,1,1,0,22731258
2757,1,2,3,1,3,17683010
2853,3,3,3,1,25,18088301
3841,2,3,1,0,0,24841792
1203,4,2,1,2,12,8928760
1186,4,3,2,0,13,9030740
784,3,3,2,2,14,6394414
1215,2,1,2,1,16,8043671
1262,1,1,1,1,11,7992971
1750,5,1,3,2,6,12803273
1447,5,1,3,2,22,10642169
2928,3,1,2,0,18,17674387
3007,2,1,2,2,22,18590682
1530,2,2,1,1,2,11143545
528,4,1,3,0,17,4056971
1406,1,3,2,2,25,8859254
3604,2,2,1,2,3,23821597
3426,5,3,2,0,29,22282524
2626,1,1,1,2,25,15716916
3494,1,1,3,1,2,21501708
3006,3,3,1,0,11,19547362
1069,2,3,2,2,22,7049241
2506,3,3,2,1,27,16507911
1953,2,4,3,2,11,13196337
1237,4,4,3,0,16,9809424
3856,3,4,2,2,5,25815092
1015,3,4,2,2,14,8741562
2500,5,2,2,2,29,16618979
3670,3,1,3,1,1,23277450
2944,2,3,2,1,7,19733263
538,5,1,3,2,13,4937529
3842,3,3,2,2,4,25599054
1386,3,1,1,0,2,10033766
3344,4,2,1,2,9,22270750
2704,3,4,2,0,6,18411740
1598,1,1,1,1,29,9359736
3431,5,3,3,2,10,23385727
2323,1,1,1,0,14,14134325
3701,5,2,1,1,1,25399450
2210,4,2,3,0,4,15323728
1473,3,1,1,1,10,9913262
3655,3,4,1,2,7,24065263
3593,3,3,2,0,12,22684775
2062,5,2,3,2,10,14521217
3396,3,2,3,0,16,21824643
3953,1,1,2,1,14,24208690
3295,3,2,2,0,0,21138517
1488,4,2,1,0,18,9871857
520,1,3,1,2,15,3724740
2850,3,4,1,2,18,19597706
1368,3,3,2,2,12,10333407
583,2,4,3,1,22,4873992
2182,5,3,1,2,21,15480238
2476,1,1,2,0,22,14413858
1910,2,2,3,1,3,13166529
2030,4,4,2,2,10,15076497
3828,5,1,1,0,17,23985278
1069,1,2,2,0,17,6102488
1433,3,2,2,1,9,9996421
3733,1,2,2,0,16,22274113
2480,3,3,2,2,29,16306434
3734,5,1,3,0,12,24393966
2355,3,1,1,2,29,14784509
3556,4,2,3,2,24,22537744
1292,3,4,2,1,13,9323121
1291,4,1,2,0,29,8182110
2309,5,3,1,1,6,16727121
1794,5,4,1,1,9,13600234
3039,1,4,3,1,2,19593777
2755,4,4,3,2,1,20253814
2107,4,4,1,2,29,14517922
1583,2,1,3,2,18,9977052
2977,2,2,2,2,6,19376526
1484,2,4,2,0,4,10546797
2180,3,3,1,0,27,14183690
3880,2,3,3,2,2,25085219
1019,4,2,2,2,24,8087585
1090,3,1,1,0,1,8206932
1550,5,2,3,1,22,10801917
2209,1,4,2,1,25,14209832
2535,2,1,3,2,21,15457675
2746,5,1,3,1,5,18498584
2934,4,4,3,2,13,19989814
848,1,3,1,2,6,6204107
1459,5,4,2,2,21,11894311
2463,1,2,1,0,1,16143900
1192,2,4,2,1,10,8904845
2059,4,3,2,0,20,14086724
877,1,4,1,1,2,7148724
3446,5,2,1,0,8,22669275
3463,2,2,2,0,7,21741602
1026,2,3,2,2,25,7048997
3724,5,2,2,2,10,24767904
3281,5,2,3,0,17,21440962
2753,1,4,2,1,0,18197514
3002,3,1,1,1,14,18953985
3844,2,2,1,2,3,24368470
1759,1,2,1,2,3,12310120
2375,5,3,2,1,27,15865427
2263,1,3,2,1,9,14832551
1020,5,4,3,1,10,9084633
2201,4,4,3,2,17,15289425
1516,5,2,1,1,22,10622022
3503,5,1,3,2,28,22297887
3273,5,1,3,0,14,20814668
1513,3,4,1,0,2,11410491
3048,5,3,2,0,6,20922610
616,2,2,3,1,6,5409263
2933,2,2,2,2,16,18649991
1867,1,1,1,1,21,10637925
1083,3,4,1,2,19,8461986
894,1,1,3,1,26,5060535
1587,2,1,1,0,23,9604218
3268,2,4,1,2,15,21792844
571,4,3,1,1,15,5142850
773,5,2,3,2,7,7269640
2513,2,3,3,2,2,16831594
1843,1,4,3,1,19,11633666
837,1,4,1,1,14,6536063
1889,5,2,2,2,0,14766767
1106,5,3,1,2,9,9864480
665,4,2,3,0,1,6139404
2067,3,1,2,2,6,13953105
2558,1,1,2,0,13,14932723
1824,5,1,3,0,15,12987244
1228,1,3,2,0,26,7397279
3348,5,1,2,2,27,21528378
2543,2,2,3,0,14,16412337
601,1,3,2,2,6,4753139
3996,2,2,2,2,12,24789763
1915,1,4,3,1,24,12085171
1278,3,3,2,2,9,9887151
713,4,2,2,2,8,6357552
1611,2,2,2,0,8,10846536
2076,5,3,2,2,5,15272169
2948,3,4,3,2,23,19120922
3135,1,3,1,1,24,18844918
3436,2,1,1,1,11,21030177
3617,1,1,2,0,29,21143154
2195,1,4,3,0,22,13888684
1091,1,2,3,1,19,6697911
1833,4,2,2,1,29,12473990
1609,4,2,1,2,19,11691443
2639,5,3,2,0,21,17862787
3220,2,3,3,0,13,20432680
1213,3,4,3,2,26,8633055
1435,3,1,1,2,19,9743278
2451,3,2,3,0,26,15150068
741,1,1,3,1,6,5528733
2543,4,3,3,1,7,18023212
501,2,3,1,2,7,4831354
2772,1,3,3,0,29,16203070
3348,4,1,2,2,7,22318662
2268,4,4,1,1,1,16131536
2449,2,4,2,1,13,16668178
3136,2,3,2,2,9,20333729
2663,2,2,1,1,17,17244634
1417,1,1,2,0,17,8095481
3674,5,3,1,2,17,24549173
2741,2,1,2,2,15,17377498
3737,5,1,1,2,19,23985803
3418,1,4,3,1,4,21869445
589,5,3,3,0,19,5227769
2209,3,4,2,2,4,15852672
2669,5,3,3,2,19,18348509
642,2,1,1,1,22,4376957
3541,1,4,2,0,9,22080933
605,2,1,3,2,16,4884793
1386,3,3,3,1,29,9250063
927,2,2,2,2,12,7082241
1828,2,4,3,1,16,12439626
2395,2,4,3,0,17,15820531
2494,4,1,2,1,12,16378485
816,3,1,3,2,16,5899986
2486,2,2,3,2,27,15733650
1134,2,4,3,1,14,8697595
2425,2,3,3,0,25,14713423
2556,1,3,2,0,11,15794834
3321,4,4,1,2,27,21498863
3644,1,4,1,2,9,23371752
3930,4,4,3,1,12,26522179
2770,2,2,3,1,29,17282371
1939,3,3,1,1,10,13911363
1052,5,3,3,0,2,9245766
3941,5,1,1,0,21,24451700
1215,2,1,2,2,9,8466827
1787,1,4,2,2,10,12454897
2213,3,1,2,2,5,15393167
2383,4,2,2,1,0,16412230
3889,2,3,2,0,5,25004978
1607,3,3,2,2,4,12509658
1841,3,1,1,2,6,12828112
610,4,4,3,2,21,5648344
750,3,1,1,2,11,5703156
2930,1,4,2,2,11,19428713
2554,1,2,3,2,6,16432336
958,1,3,3,0,1,7032234
1607,3,2,2,2,27,10740416
707,1,3,2,0,0,5428160
1399,4,2,2,1,29,9494715
3961,3,1,2,0,22,23692111
3885,5,2,2,1,24,25167756
521,3,2,2,0,17,3871434
909,4,1,3,0,11,7055500
1394,5,3,2,2,6,11653822
1014,3,3,2,0,18,7261388
3698,1,1,3,0,21,22129269
1308,2,2,1,2,2,9159801
1373,2,2,2,1,28,8379486
513,1,2,3,2,9,3782782
1470,2,4,3,2,28,9919989
3525,2,3,1,2,26,22171445
3561,1,2,2,1,26,21061907
3583,1,3,2,0,10,22363204
2634,3,2,2,0,4,17834569
3456,3,1,3,2,1,22772834
2060,1,1,2,2,7,13541906
1824,4,3,2,0,13,13074825
1766,2,3,2,0,7,12326198
2669,3,1,2,0,22,15950388
3718,2,4,1,1,5,23884167
1249,5,1,1,1,0,9901508
3927,1,2,1,2,23,23486667
1184,4,4,2,1,0,10520275
2427,5,1,2,2,7,16777853
2856,5,4,3,0,10,19909042
1194,5,4,3,0,17,9257291
2835,1,4,3,2,23,18332689
806,3,3,2,0,9,6214802
2489,1,1,1,2,11,15875526
3461,3,3,1,2,19,22580775
1161,5,3,1,2,22,9208062
1048,5,2,2,1,15,8657140
3923,4,2,1,2,4,26010282
811,3,4,3,2,15,7047760
3420,5,4,3,2,23,23289090
1582,2,2,1,1,11,10128131
3471,4,2,3,0,5,22885231
2237,1,1,1,1,29,12767881
1254,4,4,1,2,4,10545164
534,2,4,3,1,0,5131980
944,3,2,3,0,18,6769195
2640,1,1,3,0,9,15841267
2482,1,2,3,2,24,15501547
1730,3,2,1,0,13,11320105
852,4,3,3,1,24,6678712
1402,5,4,3,1,20,10409083
1855,4,1,2,0,2,13406921
3409,2,3,3,2,5,22349278
2248,5,4,3,2,4,17059470
658,4,2,1,1,16,5225987
2477,3,1,1,0,17,15800449
1456,2,4,2,1,11,10857727
2571,2,2,3,1,4,16437852
903,2,3,3,1,29,5649560
3352,5,1,3,2,8,22848941
1015,1,4,3,0,11,6794147
3279,5,3,3,0,19,21130531
1887,4,2,3,2,8,14044170
3953,1,2,2,1,2,24588389
3079,4,4,3,1,0,21330167
1455,1,2,3,2,21,8846308
2699,5,1,3,0,14,17596203
2212,2,4,2,2,9,14862023
3494,3,3,3,0,13,22409440
1107,2,4,2,0,6,8632668
2967,5,4,1,0,3,20550547
1773,1,3,3,1,25,10605696
3688,2,2,2,1,4,23766178
3413,5,3,1,2,19,22943034
2035,4,1,2,2,15,14358966
3125,3,2,2,1,2,20885460
2882,2,4,1,2,16,18689968
1941,1,2,3,1,12,12163253
3479,4,2,3,1,5,23536200
2297,5,1,2,0,25,15118370
794,3,2,1,0,4,6514970
1254,1,2,3,1,15,8519034
1894,5,2,2,0,10,13513229
685,5,4,1,1,16,7139499
1769,2,2,2,0,4,12090078
1136,2,3,1,2,5,8891637
1791,1,2,3,2,9,11748563
3808,5,1,3,1,20,23974629
1029,2,2,2,1,0,7488097
2568,3,2,3,0,29,16056083
3458,3,4,3,0,20,22139564
3414,5,3,1,1,9,23560812
1293,2,2,3,2,16,8572326
2647,1,3,1,2,26,16718255
3299,1,1,1,1,2,21109626
977,1,4,2,2,27,6780949
2122,3,3,1,1,28,14008200
3869,2,4,3,0,1,24860058
1439,2,2,1,2,28,9505990
1025,3,1,1,2,16,6962784
2881,1,4,2,0,3,18602533
501,1,2,3,0,1,3849450
874,5,3,3,2,4,8802802
2840,4,1,3,2,9,18898271
3384,2,1,1,1,0,21222743
3552,2,3,3,1,27,21925468
1052,2,3,3,2,25,7681904
2865,4,1,1,1,0,19570505
2025,5,4,2,0,26,14161297
2351,4,1,2,1,25,15141154
880,1,3,1,1,3,6269471
2146,1,4,2,2,6,14885517
513,2,2,2,1,13,4322770
1003,3,1,2,2,13,7715030
2778,2,3,3,2,17,18329447
2508,3,2,2,2,1,17048942
3655,4,1,3,0,0,24065080
629,1,1,2,1,20,3991702
1337,3,4,3,1,21,9610295
3716,4,3,1,1,15,24255402
3438,1,2,1,2,28,20292430
2540,3,1,2,0,21,15943285
527,2,4,3,2,17,5147617
2613,2,2,1,1,15,16564080
3734,2,2,1,2,27,22516306
1752,4,1,1,2,27,11867848
760,2,2,1,1,22,4688655
2546,5,1,2,2,21,16599180
1972,1,4,3,2,23,12332262
1947,4,4,1,0,5,14068333
959,2,2,2,2,24,6296096
800,1,1,1,0,9,5033649
3466,3,3,1,1,1,23173950
3874,2,4,1,0,6,24642482
2834,1,1,1,2,20,17280479
3966,5,1,2,1,16,25777325
3581,3,1,3,2,2,23029285
1129,5,2,2,2,19,9128347
769,1,3,2,0,11,5733608
3139,5,2,2,2,1,22099143
2493,1,4,1,0,6,15819353
2128,1,2,3,1,16,13081688
2301,5,1,1,1,18,15102874
3391,1,2,2,2,11,21008730
1361,2,1,1,0,8,8878167
3932,1,3,3,2,26,23783718
1780,4,2,3,2,13,12710405
2680,1,2,1,2,1,17860103
3847,4,2,2,2,20,25026997
2299,1,1,1,0,3,14304161
2206,1,1,2,2,27,12891532
3519,5,2,3,1,18,23253960
3060,2,2,1,0,20,19130376
2860,2,3,3,2,15,18694978
1075,3,3,2,0,21,7398952
3433,5,4,2,2,16,23986033
2503,5,3,1,1,1,18138027
1807,2,3,1,1,16,11666943
3692,5,3,1,1,18,24735597
3678,2,1,3,0,7,23030146
2456,5,3,2,1,23,17053679
3234,1,3,2,2,19,20397933
2520,2,2,3,2,5,16823109
3775,2,1,1,2,11,23596429
2712,4,4,1,0,24,17480659
2852,5,4,3,0,29,19046855
2155,5,3,2,1,22,14813888
2079,2,4,2,0,17,13526860
2347,1,4,2,2,26,15305957
2703,1,4,2,2,1,18409729
1890,1,3,3,2,18,12471989
2242,5,4,2,0,23,15900477
2425,4,3,3,2,9,16873407
1119,2,2,1,1,24,6720480
1774,3,2,3,0,28,11457358
1456,4,4,2,2,29,10807201
2439,3,2,1,2,2,16826904
2881,4,3,3,0,24,19035525
1468,1,2,3,0,27,8862487
3058,5,4,3,1,11,21421318
1816,3,3,1,0,25,11967768
1543,4,1,3,2,15,11235560
781,5,3,2,1,11,7397786
3344,3,2,1,2,7,21818707
3572,2,1,1,2,4,22873702
2666,4,3,3,2,10,18380596
1558,2,1,2,0,9,9835606
697,1,1,1,0,2,5051155
3032,2,1,3,2,26,18178955
1582,2,3,2,0,22,10483641
3384,4,2,3,2,8,22665498
1684,1,3,3,0,11,11024650
1508,2,2,1,0,5,10615200
3238,5,3,1,0,18,21718099
1729,3,3,3,1,15,11601710
1535,2,3,1,0,20,9427660
989,1,2,1,1,22,6442521
775,2,3,2,1,23,5818894
3240,3,1,2,1,28,20265202
2789,1,3,3,2,13,17782024
1739,4,1,3,0,27,10578148
1774,1,4,3,2,3,12265571
625,4,4,3,1,17,5871231
716,1,2,2,0,9,4379351
3877,3,2,1,2,17,24654878
1708,3,4,2,1,11,12231503
3610,1,3,3,2,18,22134674
1746,2,3,3,2,7,12587359
3755,3,3,2,0,0,24166241
3042,4,4,2,0,13,20296414
2974,4,1,3,2,22,18999127
3749,5,2,1,0,5,24708443
1418,4,1,3,0,13,10187617
3999,5,4,2,2,1,27508983
1817,1,1,3,0,8,11264927
2698,1,3,3,0,28,16438468
2931,1,3,1,1,11,18433367
2161,2,1,3,0,4,13433983
807,2,4,3,1,1,6668164
1859,5,1,3,2,18,13415376
2469,4,3,2,1,6,17148571
3293,4,3,2,2,6,22456364
1391,1,4,1,0,9,9275818
874,3,1,3,0,16,5718557
3579,2,3,2,1,25,22253274
2533,2,3,1,2,13,16951297
1864,1,1,3,0,26,10812445
628,2,1,1,1,10,4927503
1514,1,2,1,1,27,8558229
2299,5,4,1,1,19,16755335
3216,4,4,1,0,5,22254548
3923,3,1,1,2,7,25556738
1881,4,4,1,0,18,13382731
1016,4,3,1,0,29,7298633
2018,5,1,3,2,18,14361974
585,2,1,3,1,23,4001645
1698,3,1,1,0,23,10626103
3764,2,2,3,1,23,23290659
2858,4,4,1,1,16,19589996
1642,1,2,3,2,23,10290236
3789,4,3,2,2,23,24159066
2974,2,4,1,2,17,19303272
2493,4,2,2,1,11,17347677
3985,1,1,1,1,8,24533792
2661,5,2,1,0,22,17036500
3716,2,1,2,1,23,22048340
802,4,2,2,2,15,6391222
3291,2,2,2,2,17,20330070
1087,5,2,1,2,15,8969573
1486,4,1,2,2,15,11049886
2363,4,2,2,1,3,16974430
844,2,4,3,2,22,6960775
1313,2,4,3,0,21,8975693
2487,1,4,2,1,6,16380092
3348,5,1,2,2,0,23122863
3572,1,1,2,0,23,21189036
3718,4,4,2,2,28,23726262
1810,2,4,3,1,22,11612409
2499,4,4,1,1,28,16360622
2177,4,3,2,0,19,14791414
3624,3,4,2,1,0,24382707
1827,3,2,3,0,7,12852555
1592,4,3,2,2,25,11325049
2908,2,3,2,1,22,18219601
3791,4,1,3,2,7,24331587
1509,3,2,2,2,9,10532595
1203,2,1,2,1,0,8647419
1074,4,1,3,2,20,7961307
2108,5,2,1,0,24,13968869
3732,5,1,2,0,20,23691597
1612,4,2,2,0,28,10147862
1187,2,2,1,1,13,8188306
3328,4,1,3,2,13,21969790
3132,4,4,1,2,9,21259177
3136,3,1,2,2,27,19158064
3730,5,3,1,2,18,24868594
988,3,1,3,0,24,6700344
3518,3,2,2,1,28,21605328
1847,4,3,3,0,15,12429292
3952,3,2,3,0,8,25093159
3673,5,4,1,1,19,24082561
993,3,4,1,1,15,7999269
2167,5,3,3,0,19,15117430
2137,3,4,3,2,26,14092097
518,5,4,2,1,7,5741779
2944,3,1,3,1,6,18868745
1500,3,1,3,0,10,9909832
3850,2,4,1,2,20,24720197
1350,5,4,3,1,5,10917715
1888,5,1,3,0,14,12949537
1854,5,4,1,1,18,13947657
1867,1,4,2,2,13,12252477
1321,3,2,1,0,14,8627688
954,5,4,1,0,5,8956846
2124,1,3,3,2,28,13427843
3272,2,2,3,0,23,20285448
3636,5,3,2,2,9,24922157
3647,5,4,3,0,13,24627249
1210,1,1,2,2,15,7667606
2690,3,2,2,1,12,17496810
1416,2,1,2,1,10,9418042
3375,5,2,2,1,24,22173732
3152,3,1,3,0,2,19865639
1996,2,2,1,2,7,13230298
1940,4,2,1,2,27,12502669
804,4,3,3,1,2,7889671
1235,2,1,3,1,1,8556653
2838,1,3,2,1,20,17230157
2463,2,3,3,2,13,15856787
2649,2,1,1,1,19,16015692
2509,1,2,3,0,28,14440195
3838,1,3,3,1,20,23788926
3414,3,1,2,1,21,20734615
3515,3,2,2,2,14,22922450
3521,1,3,2,0,2,22533622
3389,4,3,2,2,0,23789143
1461,4,3,1,0,14,10800250
3489,2,2,3,0,19,21806793
1526,5,3,3,1,21,10875123
2632,2,2,2,1,1,17309960
2875,2,4,1,2,17,18790958
3363,5,3,1,2,0,23095945
1973,1,4,3,2,8,13783139
3001,4,1,2,0,2,19682279
2447,2,3,3,2,1,16584565
3176,5,1,3,0,3,21680468
3792,3,1,1,0,15,23761950
1677,2,1,1,0,21,9767299
1164,4,4,3,0,0,10032644
511,1,2,2,0,8,3510638
1656,2,4,2,1,24,11413438
803,2,4,3,0,7,6406746
3864,5,1,3,0,5,24787168
3522,3,3,2,1,19,22108086
3871,3,2,2,1,17,24908599
2263,1,1,2,1,15,13924203
3330,4,2,3,2,7,22685992
542,1,4,1,2,22,3783772
1443,2,2,2,0,27,8609938
2890,2,2,2,0,29,16971214
1849,3,3,2,0,3,13135944
3045,4,1,3,0,2,19927769
2911,5,2,1,1,14,19202884
1390,4,2,1,2,5,10407129
2974,2,4,2,1,0,19730949
1504,5,4,3,2,17,11876240
520,4,2,1,1,22,4775336
906,4,1,3,0,10,6684472
3166,5,2,1,2,2,21980789
1514,2,2,2,0,29,8747943
835,4,3,3,2,12,7514483
2338,5,1,2,2,16,15688756
3688,2,3,1,0,17,23330932
1647,5,1,1,0,25,10991190
2946,5,1,2,0,25,19066038
3340,4,1,1,1,13,21687862
2327,2,3,2,2,24,14693620
1214,4,3,2,2,6,9519571
550,1,3,2,2,6,5155879
823,1,4,1,0,13,5464752
1288,2,3,3,2,25,8638160
640,5,4,2,2,23,6763589
969,4,4,3,0,14,8155873
1286,4,4,1,0,11,9675803
2325,2,2,1,2,11,15499298
1857,2,2,3,1,7,12523491
2416,1,2,2,0,15,14828093
1463,3,4,1,1,8,10765039
3555,2,4,2,1,1,23269185
872,3,1,2,1,13,5904649
3041,2,4,3,1,23,19762726
2192,5,2,1,0,23,14142910
3298,5,4,3,2,28,22003977
1679,1,4,1,2,15,11211136
2838,1,1,3,0,4,17238386
2171,3,4,1,0,4,15599953
3715,2,3,1,1,19,22845448
605,4,1,1,1,29,4424191
1943,1,4,2,0,20,12720951
3217,4,4,2,2,17,21524930
2181,4,1,3,1,17,14521604
501,2,4,3,0,4,4872994
3136,3,2,1,0,10,20512429
3191,2,3,1,0,12,20267866
2637,1,3,2,1,2,17261660
3916,4,2,2,0,16,25259019
849,2,4,2,2,24,6127354
1786,2,4,3,0,17,11643755
3922,2,3,2,1,13,24598634
3679,1,4,3,2,11,23644853
1562,3,3,2,2,13,11134148
3456,2,3,2,0,25,21139850
2706,1,2,1,0,17,15982849
3506,4,3,3,2,29,22215213
2859,5,4,2,0,19,19565737
3812,1,4,1,1,1,24444047
944,5,1,3,2,6,7809639
2845,2,4,3,0,14,18089493
1451,2,1,2,2,27,9236765
535,1,3,3,0,9,4338162
1607,5,4,1,0,14,12608060
1975,2,2,1,1,16,13013038
2298,4,2,3,0,10,15635404
2345,3,2,1,0,1,15796192
1908,3,3,3,0,26,12405620
1695,2,3,1,1,20,10781339
1899,5,1,3,0,17,13057729
2208,2,2,3,0,24,13391276
1885,5,1,3,0,3,12976833
3106,4,1,1,2,8,20251256
3438,5,4,3,1,26,22281498
2688,2,4,3,2,27,17165884
3434,4,2,2,1,16,21950382
3689,1,3,2,1,16,23348233
1800,3,4,3,2,16,12410518
3273,2,3,2,1,29,20371397
1743,2,1,3,1,15,10580254
3597,2,1,2,2,19,21962684
1020,4,1,1,0,24,6925726
2306,1,1,1,1,7,14690381
509,5,2,3,2,22,4972761
1483,1,1,3,1,14,9044561
2925,4,4,1,2,0,20561978
2156,2,1,1,0,18,13421254
2160,3,3,2,1,24,14059582
3229,2,4,3,0,14,20427442
3131,5,3,1,0,8,21488081
2699,3,3,1,2,4,18940261
1219,2,2,3,1,15,8594199
1572,3,2,2,1,27,10142622
3725,1,3,2,1,12,22907399
1358,4,3,2,1,15,10181930
1816,2,1,2,1,21,11041519
2103,5,4,1,2,10,15931505
549,1,1,3,1,12,3601749
3211,2,2,3,0,5,20119643
3078,1,2,1,0,25,18633844
3631,5,1,1,1,19,23594742
3738,2,4,1,2,16,24578803
3773,5,3,3,2,4,26028395
3404,3,1,3,1,28,20651164
645,5,2,3,0,16,5289937
1414,3,4,2,1,0,10788655
3540,2,2,1,1,26,21898537
1962,3,4,1,1,4,14196882
2789,2,4,1,2,4,19072024
1080,2,4,3,2,6,8222281
3234,4,1,1,0,15,20133351
2084,2,1,1,0,17,12343932
982,3,1,2,1,5,7309528
3679,4,4,3,0,1,24663924
1749,4,4,1,1,12,13142028
1172,2,2,3,0,9,8061940
1130,5,3,3,1,20,8823174
3208,5,1,3,2,19,20871862
1161,4,4,2,1,10,10015824
3352,2,2,3,2,25,20358219
2966,5,2,3,2,20,20304159
1487,2,2,3,0,1,10013198
3731,2,1,1,0,7,23597501
2046,4,1,2,2,23,13450644
1149,4,3,1,1,21,8327367
1468,1,2,2,1,18,8847894
3137,5,1,2,0,19,19829562
1600,5,2,3,1,16,12117713
3056,5,4,3,1,15,21297597
940,3,2,1,1,24,6299495
3825,2,3,2,2,9,24241001
1420,4,1,3,2,4,11183360
1269,5,4,3,1,13,10301194
1843,1,1,3,0,23,10910842
2326,5,4,3,1,18,16582973
762,2,2,1,0,3,6274890
2077,2,2,1,2,19,13380114
3945,4,3,3,1,15,25689794
3184,3,3,3,1,23,20711749
3738,4,4,3,0,14,24641835
3006,5,3,3,0,27,20076082
1498,1,3,3,1,8,10318646
3851,4,3,2,1,2,25398463
1199,3,3,2,0,22,7983143
2849,4,2,2,2,8,19813522
2103,2,3,2,0,17,13505240
1741,5,2,3,1,3,12858848
1625,5,2,2,2,18,11862498
3101,5,1,2,2,23,20630427
2835,5,2,1,2,3,20084639
1690,5,2,2,2,8,13049714
3168,5,3,2,1,0,21675942
1505,1,2,3,2,0,11008442
535,3,4,2,0,19,4161722
1243,5,3,2,0,18,9388036
2264,3,3,3,0,2,16068691
852,5,3,2,1,9,8097057
2422,4,1,3,2,11,16834050
572,5,3,2,0,17,5964534
3195,2,2,1,0,13,19811529
1876,1,4,1,0,9,12496507
2414,4,3,2,2,9,17428207
1593,4,3,1,0,17,11488534
2972,2,4,3,2,23,19093610
3546,5,3,2,2,0,25152063
1207,1,1,3,2,29,7456209
2304,4,2,1,1,14,15493685
3108,1,4,3,1,7,20508473
3375,4,4,1,2,25,21905747
1455,5,1,1,2,2,11777770
3064,4,2,1,1,17,19489492
2975,4,1,3,1,8,19510043
659,3,2,1,2,15,5120359
2696,5,1,2,1,20,17384564
3323,2,3,1,0,14,21162162
3801,2,1,2,2,29,22658517
2235,5,4,2,2,4,17078229
2085,2,4,2,1,12,14355142
566,5,4,2,0,21,5985367
3561,2,1,3,1,19,21459059
2928,3,4,2,0,6,19689323
557,2,4,1,0,15,5053559
3830,4,3,2,2,6,25384427
841,5,3,1,0,26,6437280
1653,1,2,3,2,24,10624261
3274,1,2,2,0,21,19895269
1695,5,2,1,2,15,12526706
3317,3,1,3,0,12,20377592
3161,2,2,3,1,16,19709931
1732,3,1,1,0,8,11140347
2901,1,1,2,1,11,17326191
1994,5,2,3,0,12,14463924
2321,5,2,1,0,25,15622558
615,3,1,2,2,8,5235008
3835,3,3,3,0,4,24652070
1161,2,4,1,0,6,8945593
1965,4,4,3,0,0,14885326
3000,4,4,3,1,3,21270685
2368,2,3,1,2,27,15166402
2834,4,1,3,2,25,17677321
3874,1,2,1,0,3,24226793
1516,4,1,2,0,15,10295247
810,2,1,1,1,4,5913731
707,4,2,2,0,21,5359829
3165,5,3,3,2,3,22329484
2993,3,4,1,2,5,20784803
3217,1,4,1,1,25,19586622
1132,5,1,1,1,22,8735483
2602,5,3,1,2,2,18580280
3459,2,4,2,1,24,21436855
3583,3,3,2,0,7,23350937
1156,3,2,3,0,16,8293353
1923,1,1,3,1,28,11250342
2431,2,1,3,2,17,15199031
3527,1,3,3,1,17,21601297
3062,4,4,1,2,25,20394159
2179,5,3,2,1,24,14801460
736,1,2,2,1,11,5101959
3850,5,4,2,1,24,25225796
847,2,4,2,0,24,5869154
3174,4,3,3,0,0,21505182
3675,2,2,1,2,22,22994645
1129,4,4,2,1,11,8879364
2040,4,1,1,0,10,13405080
2503,5,2,1,1,12,17631832
1771,2,4,1,2,2,13272011
863,2,3,1,0,26,5152843
2868,1,4,2,2,24,17876853
785,2,1,2,0,7,5710750
648,1,2,2,1,2,4820851
1607,3,4,3,2,16,11805672
2953,3,1,2,0,24,18339619
3525,3,4,3,0,12,23303367
955,2,4,3,1,9,7072536
2266,2,2,3,2,16,14574916
1299,1,3,2,2,2,9935692
1684,4,3,2,2,12,12280389
1512,1,1,2,1,21,9369714
3331,3,1,3,0,5,21480267
3007,1,1,3,0,13,18105060
2023,4,2,1,2,26,13412884
3285,2,3,3,0,9,20492286
3056,1,1,3,2,19,18251375
980,3,1,2,1,15,7122033
2186,3,4,1,1,17,14588121
2661,2,4,1,1,12,17459045
3296,1,1,1,2,9,20213272
2101,4,4,2,0,5,14997130
2908,2,4,1,1,9,18817726
840,1,4,1,2,4,6818486
3317,5,2,2,2,28,21275933
2510,3,1,1,1,5,16758999
3308,4,1,3,1,6,22008369
3516,4,4,3,1,10,23336586
2996,4,2,3,0,15,19392204
2366,3,4,3,0,24,15281389
1334,1,2,3,2,11,8720104
1703,2,1,3,1,11,10819746
2225,1,4,3,1,29,13738937
3978,2,1,3,0,22,24033924
2189,4,2,3,1,19,14985965
3767,1,3,2,2,25,23485942
810,4,2,2,1,4,7401523
761,5,3,3,0,15,6724422
1942,4,1,2,2,28,12738623
905,4,1,2,2,5,7503735
2690,2,4,3,1,28,17411214
841,5,3,3,2,8,7609564
1839,4,2,2,1,4,12913257
3672,4,1,3,1,20,22797517
743,5,3,3,0,22,5817977
989,5,2,3,2,15,8413219
511,1,3,3,1,17,4248479
3810,2,2,2,1,18,23560830
1060,5,2,1,1,11,8954420
541,5,2,2,2,1,5962826
3225,3,2,1,2,25,20780082
1093,5,3,1,2,9,9790804
1952,2,3,1,1,11,12897218
2326,4,4,2,2,13,16913630
3729,4,3,2,1,17,24291103
3787,4,3,2,2,18,25184477
2193,4,4,2,2,5,16388540
633,3,3,2,1,4,6020356
3638,5,2,1,2,26,23763257
3578,4,1,2,1,15,22384560
1447,1,1,1,2,13,8905746
572,4,4,2,2,12,5959296
898,5,3,2,2,20,7935804
1928,4,3,3,2,1,14188010
3125,3,4,1,0,1,20897535
3406,2,1,2,1,11,21026875
629,2,2,2,0,0,5545130
3478,5,3,2,2,18,23244024
3777,2,4,3,2,27,23430440
2311,2,2,1,1,27,14608740
2501,1,4,2,1,26,15486349
765,5,4,2,1,15,7522275
2060,5,4,2,1,29,14388628
2485,2,1,3,2,6,15780291
1292,2,1,2,1,26,7350731
2800,2,4,1,0,20,18012788
3369,3,3,1,1,6,22603254
1812,4,2,1,1,15,12900298
663,3,3,1,0,24,4754439
594,5,1,2,0,5,5854801
2305,1,2,3,0,17,14219155
3380,4,4,3,0,0,23463223
1633,1,3,3,1,0,10950262
2883,5,3,2,0,25,19203800
1321,5,4,3,2,24,10690452
737,1,3,1,1,13,5650245
2928,1,1,2,2,5,19001546
3446,1,4,3,1,5,21981207
3030,5,3,1,1,3,21081931
2460,2,4,1,2,11,16659118
3449,1,2,2,0,29,19845354
1548,4,4,2,0,17,11539215
2176,5,3,3,2,9,15733870
3688,3,1,3,0,2,23379156
3029,3,4,3,1,2,21078365
3963,4,4,2,1,7,26280824
3464,2,3,3,1,21,21408083
3541,1,1,3,0,22,20731351
1463,5,1,1,0,24,9437179
1036,1,2,1,2,0,8102045
3650,5,2,1,1,17,23702114
2103,3,3,3,2,14,15008740
3744,1,1,2,0,24,21468718
2479,4,1,1,2,20,16194327
3583,2,2,2,0,19,22404222
627,4,2,3,1,16,5249913
591,2,3,3,1,24,4399995
1042,1,1,1,0,10,6093798
1345,1,4,2,0,12,8924448
2181,2,2,1,0,24,13571931
3536,3,3,3,1,19,22657427
2351,5,1,2,0,24,14968129
2994,4,1,1,1,9,19885041
889,4,2,3,2,12,7053804
3219,4,3,1,1,16,21333070
2384,1,4,2,2,20,15448246
542,4,2,2,1,0,5424811
753,5,3,2,1,19,6894667
3701,5,1,2,0,15,23883314
1583,2,4,2,1,15,10829278
3210,1,3,1,0,27,19510015
3014,5,4,1,0,20,20028245
2834,3,3,1,0,29,17957445
3558,1,3,1,1,26,21932416
2040,1,3,3,0,2,13180734
2453,5,3,3,2,1,18213534
3325,3,4,1,2,5,22275946
2892,2,2,3,1,10,18959701
1141,5,4,3,0,28,8799398
2929,3,3,2,2,2,20107384
1189,1,4,1,1,25,7436163
1776,3,4,3,1,0,13297471
2450,1,4,3,1,10,16147821
1579,5,3,1,1,12,12255705
1986,5,4,2,1,4,15567227
956,4,1,1,0,17,6573762
1482,4,3,2,0,14,10414572
2630,4,4,3,0,17,17764156
1622,5,1,2,0,14,11116026
648,2,4,2,1,19,5101855
1852,5,2,1,1,19,13204323
1679,3,4,3,2,19,11892904
689,5,4,1,2,6,7922557
1382,5,2,1,0,16,9979821
2810,1,3,3,1,28,17487968
3651,1,2,1,2,7,23326724
899,1,3,1,2,27,5504542
3311,5,2,2,2,12,22762414
1108,2,4,1,2,25,7993002
3831,3,4,3,0,15,24330742
2295,3,3,1,1,24,15151794
2138,2,3,2,0,9,13911246
2075,2,1,1,2,28,12825713
3332,3,1,1,2,13,21797692
2648,4,4,1,1,5,18483519
1882,1,4,2,1,19,12025354
1903,1,1,3,0,21,11087521
1319,3,1,3,1,25,8591632
3792,2,3,2,0,6,24591220
1319,4,2,2,0,5,9715420
919,3,3,1,2,26,7189138
623,1,1,3,0,16,3304234
921,5,4,2,2,20,8720091
3802,2,1,3,0,23,22859894
3634,5,4,1,0,7,24576688
2008,3,4,2,1,11,13837576
2097,1,4,3,1,25,13326125
1267,4,4,3,2,24,9388513
2544,5,2,1,1,3,17834487
3030,4,1,2,0,9,19191401
3066,1,3,3,2,5,19766979
2702,5,4,1,2,6,19431080
2639,4,4,3,2,20,17796590
3529,4,3,1,0,26,22090007
2049,5,3,3,1,7,14779534
3002,1,4,3,2,2,20425878
2264,4,3,1,0,7,15916673
2544,3,3,2,1,14,16804488
3145,5,2,1,1,29,20572542
1009,2,3,2,2,20,7706320
1706,2,1,3,0,0,11683981
885,1,1,3,1,12,6077266
2097,3,1,1,0,21,13346962
2952,4,4,1,1,17,20199325
2793,2,1,2,2,14,18073177
1241,1,2,2,2,6,8794255
3208,3,1,2,1,14,20302563
3197,3,4,1,0,24,20238404
2411,1,2,3,1,2,15929317
1946,1,1,1,0,29,10470560
1400,4,2,3,1,25,9113613
2612,1,2,1,2,13,17019356
3584,4,4,1,0,19,22991159
2760,4,4,2,2,3,19638917
2509,5,2,3,0,3,17022665
741,3,1,1,1,2,6226856
3040,3,4,1,2,4,21195044
3784,3,2,3,2,24,23595766
2885,5,3,1,0,10,19567978
2520,4,3,3,0,7,17507763
672,4,4,2,0,25,5123989
1171,1,1,2,2,1,8245029
663,5,3,3,1,27,5749916
964,1,3,2,0,15,6378451
3542,5,3,3,1,24,22773637
996,1,1,1,0,27,4885175
1199,2,1,1,1,9,8352618
2942,3,4,3,0,17,18957972
1202,3,4,1,1,6,9559800
2440,4,3,2,2,4,17759978
2855,2,1,1,0,28,16464547
2291,3,2,1,0,6,15340547
682,4,3,3,2,20,5869034
1128,2,4,2,0,27,7072342
3057,3,1,1,0,5,19885145
2231,1,4,1,2,23,13929389
1045,5,4,3,2,0,9937353
2087,2,1,3,1,28,12299461
1123,4,3,2,2,10,9458477
1093,2,1,1,2,12,7403123
1243,4,3,3,0,11,9291205
3798,2,4,3,2,0,25041154
2268,4,1,3,0,20,14925174
1959,3,2,2,2,14,13047666
2448,1,3,3,2,0,16726880
3993,3,2,2,1,2,26191227
3101,1,3,2,2,25,19651775
2568,3,1,1,2,14,16919865
3101,3,2,1,0,8,19679329
2944,2,1,2,0,13,17824582
3172,5,3,1,1,28,20921327
604,4,3,1,2,22,5856924
2739,4,3,3,0,27,17718006
516,4,3,1,2,21,5539663
3691,1,4,2,1,23,22754611
892,4,3,1,0,7,7074005
924,4,2,3,0,21,6219040
2676,2,3,2,1,3,17465009
3701,3,1,1,2,19,23348990
1071,4,4,2,0,19,7797637
2576,5,2,1,0,5,17373745
1620,4,4,3,1,0,13196251
3581,1,4,1,1,27,21637322
741,1,4,2,1,17,5822899
2779,1,1,2,2,5,17235855
1288,4,4,2,2,29,9307939
3855,2,4,1,2,13,25475241
1214,5,3,1,1,10,10012328
1258,4,1,1,0,16,8255518
3349,2,2,3,2,8,21518521
1275,2,2,3,1,27,8170678
3273,4,2,3,2,21,21507597
2747,4,1,2,0,6,18189398
3492,2,2,2,0,13,22084827
578,2,1,2,1,27,3151434
3503,2,3,2,0,16,21821312
1355,4,3,2,1,7,10282138
3744,2,1,1,1,27,22039764
3014,1,2,2,1,15,18748578
3128,4,1,1,1,11,20220511
1939,1,1,3,0,11,11630482
3487,3,4,3,0,27,21912597
2996,4,1,3,0,27,18241555
2634,3,4,3,0,4,17654407
2648,2,3,3,1,4,17840221
1531,2,4,2,1,13,11102339
1344,5,1,2,0,5,10391431
3771,2,3,2,2,6,25025693
586,3,4,3,2,22,4855387
2590,2,1,3,2,20,16120783
3956,4,3,1,0,16,25010655
907,2,4,2,1,26,6473695
3211,5,1,3,1,8,21374478
3588,2,1,3,2,21,21975771
2168,3,2,3,2,12,14516239
647,3,2,1,1,8,6013555
2824,2,4,3,2,26,18169330
731,3,4,1,2,15,6139748
2450,3,4,1,1,3,16950763
865,5,1,2,2,1,8230620
3799,4,4,3,2,12,25859028
2174,5,1,1,0,12,15219657
935,1,4,3,2,18,6975593
898,5,1,2,0,11,6903232
1734,2,1,2,1,3,11367790
1914,4,2,1,0,9,12878199
3046,2,3,2,1,15,19663975
3087,1,1,2,0,27,18093383
1062,4,4,2,0,23,8323885
2989,3,2,3,0,18,19172665
1784,5,4,3,2,7,13981731
1272,2,4,1,2,5,10357596
2897,1,1,1,2,3,18189789
2537,3,1,2,2,29,16271951
3923,5,3,2,2,6,26596216
3067,3,1,1,0,13,19097231
1843,5,1,2,2,26,12906425
2685,4,3,1,1,12,17944834
2073,3,4,3,0,20,13550886
1491,3,3,2,0,4,10603493
2915,3,3,2,1,8,19026392
3791,4,3,2,2,28,24578827
3908,1,2,3,1,2,24744637
1746,5,4,3,0,9,13403548
859,3,2,2,0,14,5820019
1420,4,2,1,0,19,9794739
2876,1,1,3,1,20,17627573
3509,5,3,2,2,16,24004706
3010,4,3,2,0,22,19104458
3493,5,2,3,2,23,23332711
1462,3,1,1,0,5,10215799
2327,1,1,2,2,24,14169645
3953,4,1,1,1,2,25548301
3383,1,4,1,0,17,20622726
2113,3,2,3,0,4,14408004
2140,1,4,2,0,12,14298861
2716,1,1,2,1,24,15772286
716,2,1,1,1,26,3992001
877,1,1,3,2,0,6590924
618,5,3,3,1,16,5737819
689,4,2,3,0,25,4854057
3314,2,3,1,2,2,21952747
869,4,4,1,1,25,7065015
2301,4,3,2,2,18,15539018
2696,3,2,3,2,20,17561349
1151,3,3,1,2,19,8288791
2382,2,1,3,0,21,14040002
2011,3,4,1,0,11,14394976
1269,3,4,2,1,7,9527388
2921,3,1,3,0,7,18243957
1280,4,1,1,2,14,9227983
2216,2,1,3,2,10,14263793
2707,4,2,1,0,19,17404683
2898,5,3,1,2,0,20525406
1811,4,4,1,0,28,12445864
3859,5,3,3,2,15,25511588
3439,1,1,1,1,29,20422276
1749,1,1,2,1,13,10328572
1022,5,3,3,0,6,8470457
1021,5,4,2,0,5,9315783
1282,4,2,2,0,20,9131173
2820,5,3,3,0,3,19665864
1435,2,1,1,0,21,9100479
3973,1,1,2,2,7,24731737
2730,1,2,3,1,21,16855123
2188,5,3,1,2,18,15762425
987,3,2,3,1,24,7077891
2350,3,2,3,2,2,16522155
1345,5,4,3,2,3,12056108
2671,2,4,1,2,12,17677201
3532,3,1,2,0,20,21841586
3337,5,3,2,1,26,22106755
2961,2,4,3,0,1,20111766
2503,2,1,3,0,10,15964572
2248,4,3,1,2,15,15525506
3743,2,1,3,1,9,23541303
3859,3,4,3,1,14,25149607
1185,3,1,3,1,26,7422895
2660,5,3,2,1,9,18392505
3435,5,3,3,0,1,23404266
2669,2,1,2,0,5,17027057
2067,1,3,1,1,13,13021683
1745,4,1,1,0,1,12529015
538,1,3,2,1,9,4449184
3044,2,1,2,0,16,18813056
1279,2,1,2,2,7,8714879
1756,1,1,2,2,25,10541581
3490,4,2,3,1,15,23126989
2696,1,3,2,1,13,16783267
3968,5,4,2,0,9,26197082
3569,3,1,2,1,12,22942737
3208,5,2,3,1,0,21687359
2427,3,4,3,0,9,16487152
801,2,1,3,1,29,5033159
3931,4,4,1,1,21,25714833
2785,1,2,3,2,11,17174787
1146,4,4,2,2,29,9216946
1162,1,1,3,2,16,7251854
2783,5,4,3,1,23,18609489
2259,5,4,2,0,13,15748375
2750,1,1,3,2,4,17197874
755,4,2,1,1,18,5678782
1097,1,2,3,2,4,7697592
1161,2,4,1,0,14,7835513
734,5,3,1,0,12,6996500
1868,2,4,1,0,16,12542328
3081,5,3,2,0,0,21004962
3407,5,4,3,0,27,21954299
1269,3,2,1,0,13,8801028
3088,2,4,1,1,3,20478477
712,2,4,3,2,24,5923177
962,3,3,2,0,29,6585151
2983,4,2,2,2,8,20091701
782,2,3,1,2,16,6292408
1986,1,4,2,1,2,13589911
1930,3,1,3,0,12,12934945
587,2,4,2,0,11,4734481
1567,4,4,3,1,15,11686188
960,2,3,1,1,3,7715284
2825,5,1,3,1,17,19082596
2968,1,1,1,1,22,17738340
2224,3,3,3,1,2,15849667
1876,5,2,3,2,16,13581759
3243,4,1,2,1,0,21622631
1014,5,1,3,0,18,7559482
1202,5,3,1,0,21,9523892
2153,4,2,3,1,3,15489567
2566,5,2,1,1,16,17411241
522,3,4,1,1,6,5171117
2960,2,4,3,1,1,19579076
1553,5,3,2,1,11,12015680
2330,3,2,3,0,4,15567363
2655,2,3,3,2,15,17727520
3938,2,4,2,1,7,25496117
1804,5,3,1,1,22,12998197
3699,3,3,3,1,26,23011808
3800,5,1,2,0,27,23338859
1634,4,1,2,0,7,11470279
2683,2,1,1,2,12,16717805
861,5,4,2,2,25,7514595
3757,2,3,1,2,13,24577164
2676,3,1,3,2,10,17611824
2399,1,1,2,0,5,14480063
1784,5,1,3,2,15,12719546
1014,5,4,2,1,22,8553042
948,2,4,2,0,24,6890566
2423,3,3,3,0,21,15708937
3675,4,3,2,0,24,23213754
2006,3,3,3,1,14,13803801
1747,5,1,3,0,15,11822503
2355,4,2,1,1,12,15597060
1373,3,4,3,2,11,10530518
3020,1,1,1,0,17,18370641
3581,2,1,3,1,28,21478331
1928,3,3,2,0,17,12406059
2849,3,3,3,2,13,18553070
2778,1,1,2,0,1,17021807
2254,5,4,1,2,21,16413599
1422,2,4,2,0,1,10389349
3637,3,1,3,1,2,23553243
3484,4,2,2,2,28,22519003
2659,3,2,1,0,23,17048495
1536,2,4,2,2,7,11637563
1916,3,3,2,2,10,13697403
3047,1,2,3,1,11,18662813
3479,3,2,3,1,3,22635035
3145,3,3,2,1,8,20535611
2781,4,2,1,1,23,18140932
3149,1,1,2,2,16,19340159
813,1,2,1,2,23,5651727
3113,3,3,1,0,15,20328629
3583,4,1,1,0,16,22172923
2756,3,2,2,0,14,17762945
2497,3,4,1,1,19,16798726
1537,2,1,2,2,25,10069879
2156,2,1,1,2,21,13180268
3989,4,4,1,0,6,26297053
3948,5,4,2,0,9,26300986
3591,2,2,3,2,28,21887576
3134,5,2,3,1,3,21831957
2278,1,3,2,0,23,14120630
1514,2,3,2,0,23,9823884
1593,2,1,3,2,13,10626475
3782,4,4,3,2,13,25464460
1624,5,4,3,0,13,12286880
1197,2,3,2,0,24,7667896
2679,2,1,1,1,13,16751509
1904,4,1,2,1,21,12647787
1655,4,3,3,1,19,11641731
1543,5,3,1,1,17,11426457
2429,1,3,2,0,14,14930840
3083,1,2,3,0,22,18706459
1513,3,1,2,0,25,9628224
726,2,1,1,1,18,4561519
3725,5,1,3,0,26,23193457
2328,2,3,2,2,12,15677618
1992,5,3,1,1,11,14870976
1321,5,3,1,2,18,10141359
2523,5,3,2,1,18,17377775
1370,2,4,1,0,19,9379551
2952,4,3,3,1,1,20811761
2749,2,2,1,2,28,17173025
2585,5,4,2,1,28,17353270
3489,3,4,3,2,20,23008841
2295,1,3,1,0,2,15216732
687,5,1,1,2,9,6333781
1580,3,3,3,0,4,11665067
1440,4,1,3,2,11,10117208
3591,5,3,1,0,28,22569549
2820,3,3,3,2,6,18919944
3690,5,1,2,0,8,24531197
3130,2,1,1,0,1,20037596
3063,3,1,2,0,24,18373055
3792,2,1,1,2,9,23438155
1025,2,2,2,2,5,7337481
835,3,1,2,0,11,5975709
3245,1,3,3,1,5,20504477
1578,3,3,1,0,26,9835967
3047,1,2,3,1,2,19817752
3447,5,1,3,0,29,21376705
3313,5,3,1,2,9,23134878
3083,3,2,2,1,28,19442939
661,5,3,1,2,8,6591183
1093,4,2,1,1,19,7591208
2438,2,2,1,1,4,15595522
2706,2,4,3,1,2,18719834
3759,1,4,1,1,4,24122706
559,5,1,1,2,7,5997371
3462,1,4,1,1,7,22724575
3890,2,2,2,0,13,24030970
2401,2,3,2,0,23,15207309
2758,5,3,2,1,21,18717390
905,4,1,2,2,16,6544040
1163,4,4,3,2,10,10168686
1632,5,1,3,1,25,11516550
1599,5,2,1,2,15,11876590
1041,1,4,3,2,27,7318621
1837,5,1,2,2,5,13708026
1497,4,3,1,1,27,10228142
1640,5,3,1,0,10,11975479
3474,1,1,2,0,9,20680070
1367,1,1,2,0,22,7992328
2566,1,1,2,0,29,14298007
931,1,2,3,0,8,6528013
1239,3,2,1,2,27,8252675
1873,5,3,2,2,23,13783441
682,2,2,1,2,26,5156493
2660,5,2,1,1,27,17924380
1706,3,4,3,2,23,11684554
3028,1,2,1,0,14,18922228
1669,3,4,2,2,6,12749135
1330,4,2,2,0,17,8881377
2151,4,3,1,2,0,15999149
1636,5,1,1,0,14,11580059
3310,5,3,3,2,1,23106961
975,2,2,2,0,21,6334900
3310,2,1,2,0,28,19366981
1826,4,1,1,1,1,13504298
1470,1,1,1,2,9,9553296
1519,3,4,1,0,19,10740558
1641,2,3,2,2,14,11559163
2336,2,4,1,0,9,15973223
660,1,1,3,1,18,4440993
2948,1,3,3,1,21,17738557
697,5,3,1,1,27,6460943
1783,3,2,3,1,27,11402868
1159,1,4,3,0,12,7738618
2275,2,4,3,2,29,14780727
1570,2,2,3,1,23,10159316
2510,4,4,3,1,10,17296258
898,1,1,2,1,21,5380501
2233,5,1,1,2,1,15965440
2082,3,4,3,0,20,14081872
2625,5,2,1,0,26,17413143
2671,2,3,3,0,12,17128070
574,5,4,2,0,21,5463871
2684,2,3,2,2,24,16605177
1101,2,2,3,2,21,7481049
3971,2,3,3,2,25,24510154
1336,2,2,3,1,20,8434602
2028,2,2,2,2,0,14020914
999,4,1,2,0,25,6460919
2096,5,1,1,2,4,15385226
637,4,2,2,1,20,4923182
2597,4,4,3,0,21,16925789
2294,1,1,1,2,6,14641069
1472,1,2,2,0,12,9120192
2142,1,3,2,0,12,13694537
2385,3,3,3,2,19,16438950
2801,1,4,1,2,22,18120865
2528,5,3,2,1,20,16890715
3257,4,3,2,2,5,22593281
2400,5,2,3,2,19,16307969
3110,1,3,1,2,11,20266412
3304,3,3,1,0,7,21404644
1949,3,3,1,1,8,13579206
1046,4,3,1,0,17,8272323
3873,5,2,3,2,27,24810010
1421,2,3,2,1,10,9947563
1080,5,4,2,2,19,9723107
1872,1,1,1,0,10,11627352
2456,2,4,1,0,23,15471613
2503,3,1,1,2,23,16088457
2596,4,4,2,1,14,18026296
3464,4,1,2,0,8,21995734
3645,3,1,1,2,2,23535245
1203,1,1,3,2,16,7931422
2808,3,1,2,2,24,17643417
2903,1,2,2,1,16,17437214
2125,2,4,1,2,2,14946755
3831,3,1,3,2,18,24564999
1137,1,4,1,0,8,7618265
3290,2,3,1,2,16,21608594
3866,3,1,3,1,22,23602146
1509,4,4,3,2,17,11019958
3478,3,2,3,1,22,22194218
1140,5,4,2,2,14,10067979
3339,3,1,1,2,0,21730328
3884,5,3,2,2,28,25546652
3159,2,4,3,1,25,20045290
2361,3,3,2,0,9,15365887
3356,2,2,3,1,7,21198483
1705,2,4,3,0,9,11390083
1185,1,4,1,1,28,7896960
2351,2,2,1,2,25,15129071
3935,2,2,1,2,1,25042624
687,3,2,2,0,18,5377692
2119,3,1,1,0,13,13432637
2187,4,1,3,1,7,14999858
1484,1,4,1,1,18,9375643
1047,2,4,2,0,0,7842252
3272,1,4,1,0,15,20335724
3473,5,3,1,1,24,22429406
1931,2,2,1,0,23,11434856
1375,1,4,2,0,14,9538227
1117,4,2,3,0,19,7514977
2961,4,1,3,0,23,18803221
1865,2,2,3,2,29,11960373
1743,5,3,1,2,4,13682840
1402,4,3,1,0,2,10593950
662,4,2,2,1,16,5683267
2474,5,3,3,2,28,17008183
3791,1,3,1,1,9,23902268
769,4,1,1,1,4,6572173
1131,3,4,1,2,10,9211148
1405,4,3,2,1,5,10430290
3971,1,4,3,1,3,25854849
3753,1,2,2,0,6,23322168
2514,2,2,3,0,18,15483086
2141,3,3,3,0,6,14179397
704,1,2,1,2,13,4679311
1081,5,1,1,0,16,8288618
2079,3,3,1,1,22,13459319
1340,3,3,1,1,16,9729450
2336,5,3,1,1,12,16742376
1751,4,2,3,1,26,12012048
2219,5,2,1,1,0,15742508
2142,5,3,1,2,1,15769296
3143,4,4,2,1,17,21224634
2797,4,2,2,2,3,19379592
1374,4,2,3,1,12,9802774
1964,4,3,3,2,0,15008294
2743,4,4,2,2,3,19990593
1189,5,3,2,1,1,10437058
2510,2,2,1,1,3,16267123
3641,2,3,1,1,15,22822849
3186,1,3,3,1,3,20707689
1922,2,3,2,0,24,12247096
2501,2,4,3,0,8,16945428
1171,5,3,1,2,16,9923039
3774,4,2,3,2,20,24552316
1671,4,3,3,0,22,11218150
1995,5,4,3,2,19,14560698
1443,2,1,1,1,27,8888712
2746,5,4,3,2,20,19578628
1949,1,3,1,2,1,13881998
3039,4,1,2,2,2,20710597
1395,3,3,3,0,22,9073439
2689,1,4,3,0,25,16811395
1836,1,1,1,2,28,11264045
664,5,1,3,1,14,5861735
2861,2,3,1,2,6,19292480
2568,4,3,3,0,3,17809444
1605,3,4,2,1,11,11921919
3702,1,3,2,2,0,24188825
2253,3,1,2,0,16,14284408
3531,2,2,3,1,3,22530897
2852,2,2,3,2,3,18868218
2438,3,4,2,0,21,16012478
870,4,3,2,1,22,6433394
2380,2,4,1,2,24,15871767
1352,3,2,1,1,8,9971999
883,1,2,2,1,25,5263012
2431,3,3,2,1,27,15767138
2992,3,1,3,0,27,17814213
924,5,3,2,2,20,7855775
2708,2,2,1,1,9,17907845
3749,4,1,1,1,26,23126701
1128,4,4,1,1,18,9305524
1394,5,2,1,0,18,10341508
3037,4,4,1,1,14,20508997
3564,3,1,1,0,21,22100033
2874,5,4,2,0,16,19365525
1097,1,2,1,1,6,7516689
3562,2,3,1,1,2,23605506
2836,2,4,1,0,4,19305761
1092,2,2,1,0,15,7246863
2187,3,2,2,1,22,14431280
1072,1,1,3,0,6,6585947
3925,5,2,3,0,15,25799648
2575,5,3,3,1,8,17704616
3501,2,3,3,1,0,22651980
2590,1,4,1,2,2,17729123
2204,1,4,3,1,24,13669268
2970,1,4,3,1,7,19303513
676,4,4,2,1,17,6216445
1028,4,3,2,2,23,8175950
2133,2,1,2,0,23,12934230
1465,1,4,1,1,17,9823822
2017,1,1,1,1,23,11672065
697,5,2,1,2,18,6276907
3157,5,2,2,2,6,21546186
3389,2,4,3,2,28,21509497
1352,1,2,2,0,24,8135800
2037,2,1,1,2,19,12612763
2569,5,1,2,0,26,16229747
3683,5,2,3,1,5,24242377
1580,4,4,1,1,24,10869705
3637,2,1,3,1,26,21468492
3389,2,1,3,2,10,21083836
597,1,3,1,1,4,4898960
3715,1,4,3,2,11,23617927
2403,4,3,2,0,0,16688659
934,3,2,3,1,18,6911430
1136,3,2,3,0,10,8485282
3657,3,3,3,2,14,24108410
1087,2,4,2,2,24,7991131
843,2,1,3,1,15,5516920
1817,5,2,3,1,2,13216206
2479,2,4,2,2,10,16616220
1070,2,4,1,1,10,8015508
1110,2,2,1,1,9,7470532
2227,4,2,1,0,1,15233586
2790,2,4,3,2,19,17908090
2354,1,1,1,0,4,14669224
3108,1,3,2,1,22,19476050
1459,5,2,3,0,22,10165121
2579,4,3,3,2,24,17170314
2938,1,4,3,0,28,17355020
2824,4,3,1,0,7,19044488
1031,4,1,1,1,12,7358043
1677,5,4,1,2,14,13006555
2930,4,1,3,1,1,19453129
1591,2,4,2,1,11,10885355
2401,4,1,3,2,23,15809388
1383,5,4,2,0,7,10767635
2761,5,1,3,1,20,18448755
2178,5,4,2,0,28,14929996
2923,1,1,3,2,18,18194730
3291,2,4,3,1,24,20658201
2760,1,1,2,0,27,15939342
2626,3,2,2,0,22,16165884
2249,2,3,2,1,0,15325724
3175,4,4,2,2,7,22095605
3151,5,1,2,0,9,21105736
1281,3,2,2,2,12,9164615
3952,2,4,2,1,4,25476633
3548,1,4,2,0,21,21439266
3227,5,4,3,0,8,22388309
2605,1,3,2,0,9,16891454
3597,2,1,2,2,13,22760316
1380,2,1,3,0,23,8230262
946,3,4,3,0,29,6628158
2613,4,4,1,1,10,18423038
2283,1,4,1,0,13,14857685
1777,3,2,2,2,29,11824959
2491,5,4,2,1,2,18101394
1567,4,3,1,1,28,10371917
3668,3,1,1,0,20,22806461
2077,1,3,2,1,15,12803583
1511,2,4,1,0,19,10504493
2774,5,2,2,1,29,17909244
1273,1,4,3,2,16,8932812
3226,4,4,3,0,4,21918584
2314,4,4,1,2,25,15502147
3148,2,4,3,0,6,20751713
2926,2,4,3,2,16,19208552
1701,5,1,3,2,19,11599042
1950,5,3,3,1,21,13655269
3256,2,2,2,0,10,20632356
806,2,4,2,1,11,6782317
1278,4,2,1,2,24,8744604
3051,2,1,3,0,26,17661918
2815,3,3,3,2,23,18224369
507,1,4,3,2,1,5367344
3055,2,1,1,2,26,18723170
975,5,1,2,2,18,7811110
1820,3,3,3,1,25,12355192
2711,5,4,2,2,28,18070200
984,3,3,1,1,4,7601259
3643,2,3,2,2,10,23590815
3114,1,2,3,0,22,18603193
1404,5,2,2,2,18,10629765
1058,3,3,2,2,27,7894967
2467,4,2,1,0,6,17137448
2785,2,1,1,0,20,16743506
1627,1,3,1,2,25,10447765
1733,2,4,1,2,21,11548772
3101,4,4,2,1,5,21394774
3375,1,1,2,0,10,20224582
967,4,4,1,0,26,7128488
3839,2,4,1,1,13,24353712
2933,3,3,3,2,27,19323509
3322,2,1,3,2,3,21002127
1347,2,3,1,0,27,8002388
2934,2,1,2,1,7,18356355
3424,5,3,1,2,8,23902681
758,4,3,2,0,1,6821227
782,4,2,2,2,24,6416079
2149,4,4,3,2,10,16011786
2398,5,1,1,2,27,15986653
539,3,4,1,0,19,5175072
3033,2,2,2,1,21,18508883
3476,3,1,1,1,29,20805865
2767,5,2,3,2,6,19332282
3700,4,4,3,1,3,24815526
1514,2,3,1,2,23,9705135
3571,1,2,1,0,28,21476275
1112,1,2,3,0,13,7190800
3475,3,3,1,0,25,21997721
2415,4,4,2,2,23,16511488
1187,1,2,1,1,0,8507856
1112,3,4,2,0,23,7733322
2807,5,3,1,2,25,18693769
3537,3,1,1,1,29,21088500
3513,3,2,3,1,11,22552694
2913,3,4,2,1,18,19107928
2281,2,3,3,2,4,16021655
2310,3,3,1,2,29,14941585
3091,3,2,3,2,25,19765544
3196,2,1,1,0,7,20018771
2047,2,2,1,2,10,13421883
2430,5,4,1,0,21,16694990
3361,4,3,2,0,3,22397322
3587,1,1,2,0,14,21690516
1652,1,4,2,2,19,10957627
1074,3,2,3,0,11,7471818
3680,5,3,1,2,19,24955812
2410,3,2,3,2,21,15842995
1512,1,1,3,0,22,8240460
1169,2,1,1,0,28,6738864
768,4,1,3,0,20,5153713
3733,5,1,1,2,9,25240003
1783,2,1,1,2,29,10568899
1423,4,2,1,0,23,9972696
1625,5,1,1,0,15,11113051
2029,5,1,3,1,22,13558355
2258,1,3,3,0,7,14606613
2094,2,1,3,1,19,13290083
746,5,3,2,1,7,7488675
2060,5,3,3,2,28,13953435
2678,4,3,3,2,5,18726874
2900,1,2,2,1,2,18613195
2743,3,2,1,1,28,16818792
2439,1,4,1,0,7,15972205
1429,3,4,1,1,28,9748963
3953,2,3,2,0,22,24076700
3569,2,2,3,2,9,23360005
3192,5,1,3,0,4,21483389
726,2,4,3,2,10,6301356
3248,5,2,3,1,3,22267224
764,1,1,2,1,16,4260178
1895,2,1,3,1,25,11362758
1957,1,2,1,0,2,12241423
1145,1,4,2,2,17,8343110
2758,2,2,2,2,7,17606000
3948,1,4,1,2,29,24763569
1918,2,3,1,2,23,13037908
1973,2,2,3,2,11,12796407
3490,2,2,1,0,20,20972157
1887,3,4,2,2,15,13545613
2399,1,4,2,1,13,15992300
3004,4,2,2,2,20,20210572
3272,2,1,3,1,15,20187279
1749,1,1,3,0,26,10066982
1481,5,1,1,0,3,10662190
1654,2,3,3,1,0,11700046
1087,2,3,3,2,0,8488978
975,4,4,2,0,28,7097877
2321,3,3,2,0,21,15012296
1485,3,1,1,0,14,10074930
3848,2,2,2,2,19,24109517
2703,1,3,3,1,19,16570844
1741,5,3,1,1,2,13108892
689,5,1,1,2,13,6447372
1940,1,3,2,0,8,12353269
1480,2,4,2,2,18,10065702
2198,5,2,2,2,7,16308596
2215,3,1,1,1,1,14630921
3093,1,4,2,2,3,20180444
540,4,1,3,2,0,5153767
2854,2,4,1,0,10,18597863
1442,1,2,2,0,4,9385205
837,5,2,3,1,1,8280086
1837,2,4,3,0,26,11659586
1598,3,4,2,2,12,11957340
3500,2,4,3,2,16,22971430
2826,2,4,1,2,16,18925174
3747,3,4,1,1,17,24405715
1395,3,4,3,0,20,9446361
2820,2,2,1,2,27,17624879
3384,3,4,2,0,8,22743069
3167,1,3,3,0,5,19736236
2174,3,2,1,0,27,13356691
3409,3,1,2,0,19,20572125
1430,2,2,2,1,2,10131490
788,1,1,1,1,7,5664713
1223,4,1,3,1,2,9863492
3440,4,3,2,2,0,23905378
2819,5,4,2,2,19,19501429
2453,3,4,2,2,26,16299435
1589,3,2,2,1,12,10685109
982,1,4,3,0,20,6015423
1435,4,3,1,1,4,10744693
2795,5,2,1,2,15,18835777
655,1,2,1,2,20,4805292
1570,3,2,2,0,23,10095994
2458,4,4,3,1,15,17386185
3001,5,4,1,0,23,19911899
2748,2,4,3,1,11,18515766
2183,4,2,1,2,12,15289436
623,5,2,2,0,3,5901446
2548,1,1,1,0,8,15714889
1467,2,1,2,1,15,9653323
1354,5,4,2,1,0,11911059
1139,5,2,1,1,4,9523834
2738,3,4,3,2,20,18532095
2102,4,4,2,1,4,15298725
3063,3,1,3,2,23,19408659
941,2,3,1,1,24,6356143
2444,5,4,2,1,18,16757347
2338,3,3,3,2,8,16293509
2329,4,3,2,1,28,15520136
2690,2,2,1,2,26,16600347
3762,1,2,2,2,7,23762236
1032,3,4,1,1,18,7467118
2774,2,1,3,1,17,17422790
1836,1,1,2,0,14,11406161
1448,3,4,3,1,3,11685197
3873,2,4,1,0,14,24164677
2519,2,1,1,1,12,15381021
959,3,3,3,2,27,6971108
3972,2,4,3,2,17,25433180
1050,5,3,1,0,19,7798215
892,3,4,3,1,4,7565367
2287,2,4,1,0,17,14539182
1344,1,3,3,1,27,7854162
3778,1,3,1,1,7,23988741
2757,5,1,1,2,0,19649958
1638,3,4,2,0,18,11033464
1145,2,2,1,2,22,7208829
3822,2,2,1,2,25,24078572
2766,1,4,2,2,16,17447862
2954,5,4,2,0,28,19675336
1966,1,4,3,1,26,12259552
1877,1,3,3,1,1,12292796
3435,5,2,1,0,18,22230383
3105,3,2,3,1,29,19713920
3097,2,2,3,0,15,19273106
641,3,4,1,0,29,4728108
3159,4,3,2,1,17,21164920
1000,4,4,2,2,1,9443312
1339,4,1,1,0,27,8954336
3249,5,1,1,0,26,20924727
2182,1,2,1,0,5,13796673
2065,3,4,1,0,6,14086931
2546,2,1,1,1,5,16561621
2030,4,1,1,1,26,13507470
1095,3,4,3,0,5,8295520
2404,4,3,3,2,8,17116622
780,4,4,3,1,7,7280819
923,2,4,2,2,29,6986019
3403,5,3,1,2,23,22769528
769,1,2,1,0,21,4830984
653,5,2,3,1,20,5826549
3161,3,2,2,0,8,20507655
2250,5,3,3,0,11,15627851
1161,3,1,1,2,17,7896153
2467,3,3,1,2,22,16517123
582,1,4,3,2,5,5680601
3494,2,3,3,0,22,21606519
3446,1,1,1,0,27,20053534
1949,5,1,3,0,3,14058242
1798,3,4,1,0,24,11779969
2831,4,2,3,0,6,18795141
1479,4,1,2,0,17,9949604
2720,3,1,1,0,28,16896567
3898,1,1,2,0,19,23246158
3634,2,4,3,1,4,23450608
3644,1,1,2,1,17,22103199
3310,3,2,3,1,9,21355242
2159,3,4,2,1,7,14952155
1898,2,2,2,0,0,12565433
1132,5,1,2,0,14,8256226
2031,5,1,1,2,2,14959174
1286,2,2,2,2,14,8481020
3490,5,4,3,1,13,24065711
3559,4,4,3,2,0,24522205
897,5,2,1,1,20,6817643
1643,5,1,1,0,7,11669971
1433,5,3,3,0,6,11088233
1960,4,2,2,2,8,13980495
2352,5,2,3,0,17,16297860
3223,4,2,1,0,11,20681607
3483,2,1,1,1,7,21902240
3012,1,4,3,2,7,19911488
785,2,1,2,0,29,4807547
764,1,2,2,2,5,5576950
2867,2,1,1,0,2,18583934
3220,1,1,3,1,1,19863867
3947,1,2,3,0,13,24138824
3367,3,1,1,2,7,21569507
2636,1,3,3,2,5,17084183
2177,1,1,1,1,3,14078873
1726,3,1,2,0,4,12095662
1320,5,4,2,1,20,10573990
2262,5,4,3,2,12,16715293
3548,3,2,2,1,8,22548737
2881,4,2,2,0,12,19256445
2769,1,4,1,0,28,17094004
540,1,3,1,1,8,4630456
2231,3,1,3,2,23,13958316
567,3,3,1,2,23,5047612
1487,4,3,3,1,15,10991464
2299,5,4,3,0,11,16422706
3061,2,2,1,0,1,19856042
2121,5,1,2,0,29,13303243
2155,1,2,2,0,18,12661777
3698,3,3,2,2,29,23151654
1778,4,3,2,0,15,12750725
1194,5,2,3,1,23,9268654
3587,4,2,2,1,12,23357798
3024,5,4,3,1,4,21807379
1585,1,2,1,1,22,9990852
3428,2,2,1,0,29,20431368
2979,4,4,3,2,23,20145679
2193,4,2,2,0,5,14667278
2815,2,3,3,2,20,18562634
1558,4,2,2,0,23,10883359
1278,4,1,2,2,16,8828216
993,5,3,3,1,16,8405987
2085,5,4,3,1,16,15140357
1992,2,3,2,2,2,13814353
2290,1,4,3,2,25,14488050
1160,4,1,2,2,12,8684728
1848,1,1,3,1,11,11574773
1827,2,3,1,1,5,13131463
1799,2,2,2,0,21,11115198
2486,5,3,1,2,20,17147642
3560,4,3,3,2,28,22866244
2544,3,1,1,2,12,16419905
3772,2,4,3,1,13,24045686
2428,4,3,2,2,6,16920975
1847,1,2,3,2,4,12286933
1558,5,1,3,1,13,11302833
1476,1,3,2,2,17,10075893
981,2,3,3,0,3,7757644
1227,2,2,2,1,0,8883223
3027,1,3,3,1,6,19215244
3636,2,3,2,1,19,23101344
1531,4,3,1,0,12,11237503
3872,2,3,3,1,3,25507139
842,5,2,3,1,12,7378304
1947,4,3,3,1,3,14031937
2879,3,3,2,1,2,19452591
2985,2,3,3,0,7,18911392
2721,2,1,2,2,19,16495301
3106,5,2,3,2,7,21592730
1026,5,1,1,1,24,7876149
2396,1,1,3,0,16,14571600
1158,1,2,1,1,14,7252531
2573,1,1,2,2,3,16580397
1319,5,1,1,2,5,10245117
3152,1,1,3,0,23,18746493
905,1,2,3,2,29,5933555
2779,3,3,2,1,21,18172119
3080,1,4,3,0,27,18739365
2073,2,4,3,2,5,14405409
2311,5,2,2,1,9,16645491
1004,4,4,2,0,3,8273017
678,3,2,1,1,8,5470980
631,5,2,2,2,15,6096642
2346,5,4,3,1,6,17401311
1978,2,1,2,0,13,12806415
2895,1,3,3,1,26,17282377
3087,2,4,1,2,5,20615259
1271,1,4,2,0,0,8801406
1929,1,4,3,0,17,12563427
2623,5,4,2,2,11,19172512
1078,1,2,2,1,21,6963541
3401,3,2,2,1,26,21207130
2015,3,3,2,2,14,14418220
693,3,3,1,0,0,5972798
2507,5,4,3,2,14,18508089
1685,2,4,2,0,14,11405571
2894,4,4,3,0,26,19148405
3498,1,3,1,1,15,21910257
1884,4,4,3,2,20,13473199
2292,2,1,3,0,0,14835956
1610,2,3,1,1,28,9756408
3833,5,1,2,2,2,25830695
2761,3,4,3,2,11,18452530
2436,3,2,3,0,27,14676047
3120,2,1,2,0,27,18952889
1279,5,3,2,0,6,10620162
761,5,1,3,2,4,7265911
1229,1,3,1,0,27,7425946
782,3,4,2,2,25,6659330
1990,2,1,2,1,0,13640340
3951,4,2,1,2,0,26249521
861,3,1,3,0,14,6343550
940,1,2,2,2,7,7133824
2640,5,3,3,0,10,18077722
2144,2,4,3,1,13,13990505
3300,3,4,3,0,28,20388830
1366,4,2,1,0,24,9357533
1947,1,3,3,0,22,11466052
641,1,4,3,0,12,4615076
1814,3,3,2,0,18,12453877
1955,4,2,2,0,11,13565601
3296,1,2,1,1,21,19623784
2375,2,1,1,1,18,14661409
2347,1,4,2,2,25,14461105
2212,4,4,2,0,3,15529083
3200,5,1,1,2,27,20180382
1200,5,2,3,1,3,9750036
1497,3,2,1,1,2,11141880
2596,4,2,3,0,25,16539875
1825,1,2,2,0,5,11219589
1380,1,3,2,2,4,10074961
1713,5,4,2,1,10,13110973
1659,5,4,3,2,24,12567740
1054,2,2,1,2,8,7757891
903,5,2,3,2,2,8083438
1391,2,2,1,0,28,8243067
3412,1,4,1,1,8,21645656
1101,2,4,1,2,28,7868942
2330,2,2,2,1,11,14820385
840,3,3,1,1,2,7485951
2468,5,1,2,2,19,17145647
1203,2,1,1,2,16,8297648
817,1,1,1,0,20,4500723
3165,4,4,2,1,11,21651294
1886,2,4,2,2,24,12157971
2929,5,1,3,2,17,19504704
2780,3,1,1,1,3,18571091
2300,1,3,2,2,9,14916542
1867,3,4,3,1,17,13032530
2072,4,4,3,2,29,14728124
1316,2,1,2,1,7,8618513
1052,2,3,1,2,8,8540300
1355,5,3,3,2,18,10832505
2312,2,1,1,0,12,14526302
3366,1,1,1,1,24,20206275
682,4,4,3,0,5,6320615
3612,3,1,2,2,21,22316886
2074,4,2,1,1,6,14330088
896,2,3,2,1,27,6051463
2227,3,1,3,2,20,14376080
3326,5,2,1,2,5,22998635
2017,4,3,2,2,10,14640225
1406,3,2,2,2,16,9586641
1856,3,2,1,1,18,11979019
2674,3,1,2,0,27,15968487
500,1,3,2,1,24,3169019
3739,4,2,3,1,11,23880803
518,3,4,3,1,20,5240367
3903,4,3,2,1,20,25126056
1083,3,4,2,2,23,8070081
955,5,1,1,0,26,6307069
3504,5,4,3,1,26,23116563
2536,5,3,1,1,12,18214636
1632,2,2,2,0,17,10266572
3839,3,2,1,2,28,23449438
2992,2,3,2,1,6,19259438
3811,4,2,3,2,24,24731936
2452,2,4,3,1,22,16165922
3872,4,2,2,1,27,24506533
3149,4,2,3,0,4,20535448
2650,4,4,2,0,28,17542064
1487,2,4,1,2,15,10500398
3821,3,4,2,1,21,24393524
1019,2,1,1,2,3,7625051
3724,3,4,2,0,29,23121985
1358,3,4,3,0,27,9178566
673,4,1,2,0,22,4641491
1866,2,2,2,0,0,12661972
3552,3,4,2,0,3,23616999
2978,5,3,3,2,2,21468609
1226,3,4,2,2,28,8533042
2210,5,4,3,0,3,15965642
2375,2,1,2,1,0,15528580
3397,2,3,1,1,11,21984969
2181,2,2,2,1,12,14572323
1847,3,2,1,1,1,12969364
1489,1,3,3,1,27,9084738
3186,3,4,3,0,26,20271679
919,3,1,2,2,28,6154076
1093,4,3,3,0,8,8733343
3032,4,3,2,1,6,20780475
2274,3,2,3,1,12,15062648
2959,5,1,1,2,21,19384215
1435,4,3,3,0,1,11501069
1607,3,1,1,2,0,11796389
1636,1,4,2,1,17,11188894
831,5,2,2,1,6,7753565
3949,2,4,2,2,17,24857376
3202,3,1,1,1,18,19714947
2588,3,4,2,0,7,17912038
2293,5,2,2,1,22,15872825
1458,4,1,1,1,11,10626335
604,4,3,3,0,10,5449140
701,4,4,2,1,26,6243715
2997,2,2,3,2,29,18012456
2342,5,3,3,2,26,15717783
2366,5,2,2,1,8,17028814
2496,4,1,2,0,27,15360322
1789,4,1,1,0,3,12965037
1409,1,4,1,2,6,10033509
709,1,2,2,1,16,4578399
1062,3,2,3,0,10,7321021
3689,3,2,1,0,26,23037261
3260,5,1,1,2,1,22498863
3948,5,4,2,2,22,26700699
2063,2,2,2,0,17,12766531
1270,2,2,2,2,21,8049942
3655,1,3,2,0,28,22000288
3001,3,2,1,1,25,18978192
3214,1,4,1,2,11,21259038
1128,1,3,1,2,8,8587339
2128,3,3,3,1,10,14450395
2201,2,3,1,0,4,14894741
886,3,1,1,0,25,5321385
2435,4,3,2,2,6,17291370
3921,4,2,1,0,28,23880780
2843,4,1,1,0,0,18524412
2805,5,1,1,1,23,17970143
1604,2,1,2,1,24,9938685
767,2,1,1,1,28,4998950
2966,5,1,1,2,4,19994975
2782,1,1,3,1,5,17021788
2356,4,1,3,1,12,15447208
3882,4,3,3,0,10,25776670
2498,1,4,3,1,7,16241199
3533,3,2,2,2,19,22895094
1880,3,2,3,1,1,13665096
1736,2,3,1,2,14,11496249
1073,5,3,3,0,9,8968813
548,2,1,2,0,7,4466088
1650,3,4,3,1,1,12921405
722,1,1,3,0,20,4303831
3468,2,3,2,1,14,21671094
3850,4,1,2,0,28,23418347
1931,4,2,2,2,5,13749058
2028,1,2,2,0,4,12555597
3865,3,1,2,1,21,23864066
2319,4,4,2,1,21,15678234
2824,4,1,1,1,2,19438356
1961,5,1,3,2,10,14374886
1630,2,4,3,0,10,11359372
2181,3,4,2,1,15,14956459
2967,2,4,2,2,2,20480473
3158,3,2,1,2,8,21061926
874,4,1,1,2,2,7497104
2620,5,3,2,0,18,17841391
2521,2,4,1,0,10,16290895
1553,4,4,1,0,13,11917511
3759,3,1,2,2,1,24894992
3935,2,3,2,0,6,25441645
2389,2,1,2,1,9,14746746
2323,4,1,2,2,9,16177779
1974,2,4,3,0,19,13320865
2742,5,4,3,2,0,20288260
1679,5,2,2,2,5,12690245
3743,4,3,1,0,20,24350243
3394,3,3,2,2,13,22386383
1564,4,4,3,0,26,11342957
3634,5,4,1,0,1,24555483
2570,1,4,3,0,5,16695884
859,1,3,2,2,0,6695411
3646,2,2,3,2,2,23821190
3107,2,3,3,0,3,19918218
3219,1,4,3,2,12,20593891
2541,5,4,1,0,2,17992081
1641,2,2,3,1,14,11171619
2135,4,1,1,2,12,14613110
1903,4,1,2,2,21,12662272
2443,5,3,2,1,10,17758414
1178,2,1,3,1,3,8500403
3861,4,1,1,1,29,24042575
2987,2,3,2,0,16,19070245
3480,2,4,1,0,4,23154455
506,4,1,1,1,20,4240663
3767,1,4,3,0,24,23429580
2968,4,3,3,2,23,19930312
2091,5,4,1,1,7,16049044
1332,3,4,1,2,20,9764685
3764,4,3,3,0,23,23600321
3106,2,4,1,1,29,19142690
3719,2,1,3,0,9,23028952
2310,4,1,1,2,6,15911501
3773,3,1,3,0,16,23814463
1413,4,1,1,2,27,9493802
2511,3,4,3,0,6,17229067
1942,3,1,1,2,26,12173456
1950,5,4,2,0,23,13429170
3554,2,2,2,1,18,22109702
2002,2,4,1,1,8,13529990
625,3,1,2,0,23,4009092
2942,2,2,1,2,1,19781711
1316,1,3,1,0,21,8294226
3428,3,4,2,1,19,22495900
2329,2,1,1,2,18,14969630
1075,1,1,3,0,26,5967590
2872,5,1,1,0,5,19405812
1915,2,3,1,2,9,12908501
1429,1,2,2,0,12,8839314
1963,4,2,3,1,24,12726405
3775,4,1,1,1,1,24984061
1332,1,4,1,2,9,9357863
1554,3,1,1,0,9,10259537
3959,3,1,1,0,25,23882449
2148,2,4,1,1,4,15198669
2400,4,1,1,2,21,15508469
1957,3,3,3,2,3,14337047
3384,3,1,3,2,22,21298436
3473,4,3,1,1,1,24008413
1899,5,1,1,1,6,13588400
3915,3,2,2,2,17,25418058
942,1,4,3,2,16,7084457
2622,2,2,3,0,10,16163528
1056,3,1,1,0,20,6839411
1678,3,1,3,2,17,11645787
2537,5,3,3,1,7,17920169
862,1,1,2,1,27,4922016
2995,2,1,2,0,27,17830522
1757,3,1,3,2,11,11676887
2341,2,2,3,1,23,14367265
2809,4,3,3,1,0,19799179
2350,3,2,1,1,19,14941921
2672,3,3,2,1,29,16716160
1410,4,2,1,0,24,9366464
744,5,1,2,1,20,6158472
1041,3,2,2,1,11,7656492
3032,2,2,2,2,26,18912832
2669,1,3,3,2,25,16817109
2672,2,3,2,0,28,15980427
2072,5,2,1,0,5,14757238
2717,1,3,2,0,2,18000179
623,2,3,1,0,4,5441636
3606,2,3,2,1,13,23280883
3658,4,4,2,2,11,24711955
3193,5,3,3,1,12,21753817
2231,4,4,1,1,12,15503086
1285,1,4,2,1,28,8304830
2543,4,3,2,2,16,17240240
2748,5,2,1,0,23,18057941
2916,3,3,2,0,26,18760237
1296,3,1,3,2,14,9103705
576,1,2,1,2,5,4802269
558,3,4,3,0,11,5293241
2978,4,4,1,1,1,20907782
3185,1,2,1,0,3,20358102
2023,5,2,1,2,19,14168983
2436,1,3,2,0,24,14622518
2656,1,4,1,0,24,16415957
3555,2,1,1,0,20,21883931
1801,2,3,1,2,11,12411486
567,1,2,3,2,2,4622407
3640,3,4,1,0,16,23766706
3736,2,2,2,0,5,23971672
2852,5,2,1,1,23,18802850
2432,4,2,1,1,16,16164019
3221,2,3,3,0,26,19910524
864,1,1,2,2,16,5122441
1320,3,1,2,1,10,8733327
1902,4,4,2,0,22,12974605
2890,2,2,1,1,6,18960629
1446,3,1,1,1,1,9975099
3446,3,2,2,1,18,21402925
2077,3,4,2,2,1,15125179
1877,1,2,3,0,21,11084007
1939,5,1,2,2,28,12809634
3680,3,2,1,2,12,23810332
1261,4,1,1,1,23,9025273
840,2,4,1,0,23,6203941
3489,4,2,3,1,15,22686132
882,1,1,2,2,16,6040644
1503,1,4,1,2,10,10532820
2056,4,2,3,0,8,14056776
799,5,4,3,2,26,7153324
638,1,1,1,2,23,3510278
858,1,2,3,0,8,6149019
1335,4,2,3,1,28,8900776
2022,1,2,1,0,13,12142622
3956,5,4,3,2,12,26912520
2127,5,4,1,0,24,15083660
2482,5,1,1,1,10,16697693
1803,2,3,3,2,11,12578213
3030,5,2,1,1,21,20304125
1408,5,2,1,1,2,10782533
1634,2,1,2,0,0,10766163
3413,3,2,1,1,26,20971815
2686,1,4,2,0,7,16953165
1495,5,4,2,0,25,10454337
2982,1,2,2,1,18,17759060
3056,4,2,2,0,12,20202896
2820,1,4,3,0,6,18680297
3670,2,2,3,1,12,22781213
2651,1,4,1,2,25,16946641
1737,1,3,1,0,5,11669120
2284,1,3,1,0,2,14872085
3309,3,2,3,1,5,21202993
3334,3,2,2,0,27,20442539
664,4,2,3,1,2,6437747
1498,2,4,3,2,12,10898956
3067,1,3,1,2,12,20054303
1807,1,3,1,1,29,10885876
3064,1,1,1,2,24,18253750
1156,1,1,2,1,12,7773369
3160,3,2,2,0,0,20637744
2711,4,4,3,2,28,18179147
2409,5,2,2,0,7,16995754
2546,2,3,1,0,4,17030719
2611,1,2,2,1,19,15719390
3662,4,2,2,2,16,23542947
1640,5,3,2,2,8,12902726
2389,4,3,2,0,12,15910221
766,3,3,1,0,24,5075369
2345,5,3,1,1,12,16924566
2208,4,1,3,2,4,15217719
3711,3,4,3,1,13,24367187
2793,4,4,3,1,10,19158451
2942,4,3,2,1,24,18796265
2010,5,4,2,2,25,14176852
975,3,4,1,1,13,8156244
1476,1,4,3,2,24,9824810
1707,2,4,1,1,6,11780383
1543,5,3,3,0,23,10971890
2460,3,2,3,1,16,15797076
1057,4,2,3,1,3,8394020
1517,3,2,2,2,9,10670247
2105,2,1,3,0,9,12828966
1382,2,4,3,0,14,9587911
2694,1,3,2,2,19,16559580
1165,1,3,3,2,11,7982788
3875,2,1,2,0,8,24162059
3167,5,3,2,2,2,21973162
2271,5,2,1,0,14,15396257
3367,4,1,2,1,11,21590343
1363,1,3,2,1,25,8605816
1081,4,1,2,0,14,7670993
3570,1,1,3,0,25,21360991
1194,2,3,1,1,0,9283197
1751,5,2,3,1,14,12331231
3673,5,3,2,0,10,24474976
2110,2,4,2,2,4,15387291
3988,4,4,1,2,6,27380261
1739,4,3,1,0,11,12140738
2954,3,2,2,2,19,18664640
898,1,4,2,1,24,6261500
2446,4,4,3,1,5,17466021
1214,2,3,2,2,21,8518827
1203,4,3,3,0,2,9890455
3308,5,3,1,1,9,22703423
3046,1,1,3,1,25,18340120
2214,3,1,2,1,20,13618732
2472,1,1,3,2,25,15243285
3521,5,3,3,0,21,22709403
581,5,2,1,2,29,4782031
1103,5,4,3,0,3,9921765
2470,5,1,2,0,12,16182352
2210,2,2,3,2,18,14246676
2546,3,3,3,1,4,17363474
3319,5,1,3,0,22,20871046
1402,5,3,2,2,26,10170539
864,4,2,3,1,21,6493272
662,3,1,2,0,17,4649423
3619,1,1,3,0,0,22717996
3058,3,1,1,1,20,18923402
3900,3,1,1,0,20,23503813
2363,3,2,1,2,27,15610164
615,5,1,2,0,15,5553894
3488,5,4,2,0,15,22934682
2884,2,4,2,1,15,18831016
1380,1,3,3,2,27,8892991
3284,4,1,2,1,21,20708100
1339,3,4,2,2,18,10345406
2694,1,4,2,1,15,17141236
1846,1,4,2,0,0,12539321
2990,2,2,1,2,19,19290227
3384,4,1,3,2,19,21683252
1536,3,2,1,0,9,10150614
1442,4,2,3,1,1,11217634
2224,2,4,3,2,13,15630355
2834,5,4,1,0,7,20202248
3267,1,3,2,0,5,20724814
1637,3,1,1,2,27,10549755
3027,5,1,3,2,2,21265041
521,2,4,3,2,15,5362999
3920,4,4,2,0,16,25239832
2249,1,1,1,1,11,13780564
1182,3,3,3,1,26,7983574
3453,5,4,1,2,18,23044965
2333,5,3,2,0,23,15744368
2867,1,2,2,0,19,17437918
625,4,4,3,2,2,7034095
776,2,2,2,0,12,5733671
2499,4,4,3,0,15,17382952
1727,4,2,3,0,10,11999161
2741,4,4,2,2,19,19294730
1195,1,3,2,2,26,7882384
1809,1,3,1,2,15,12058318
556,2,3,1,1,19,4459271
3874,4,2,3,1,1,25266194
3734,1,3,1,2,3,24160955
518,2,2,3,0,26,3643209
3941,2,4,2,0,27,23984151
2811,4,2,2,2,24,18836404
3341,3,4,1,0,3,21925335
612,4,1,3,0,27,4163926
3898,3,1,3,1,16,24407398
1041,2,1,1,0,0,7763464
3194,1,2,3,0,0,20455221
1078,5,1,3,2,29,7580677
1588,2,1,2,1,4,10491114
3863,1,1,3,1,21,23131064
524,2,4,3,0,11,5059806
2072,4,3,3,2,5,14962869
2548,3,2,1,1,5,16652367
3458,2,1,1,1,24,20732374
2072,1,4,1,0,16,13326830
640,4,3,3,1,25,4932534
2267,5,3,3,2,21,15816993
1147,4,3,1,2,12,9217644
2735,3,4,1,1,7,18987275
3699,4,1,3,2,23,23563911
700,5,3,3,2,11,7177499
3698,1,4,2,0,14,23333258
756,2,4,1,1,18,6176917
1046,3,2,3,1,28,6492771
2741,5,4,1,0,20,18320746
3250,3,3,1,0,25,20089276
3675,4,3,1,0,19,23197519
3836,3,4,2,0,27,24048791
1301,5,3,3,2,16,10133024
1441,2,4,3,2,8,11099113
3955,2,3,1,0,20,24871308
3831,3,2,3,1,17,24388604
913,1,1,2,1,27,4841619
2514,3,2,1,1,1,17235091
1881,4,2,2,0,10,13062361
1598,2,1,2,2,22,10122335
3926,2,3,3,2,19,25218536
1409,2,1,3,2,16,9224908
687,1,4,2,2,20,5080101
2515,1,1,3,1,17,15569923
1813,5,2,2,1,14,12615599
2592,3,1,2,2,6,16800444
2630,3,3,1,0,15,16817920
1646,4,2,2,2,24,11553159
857,2,4,2,2,28,6091002
2051,1,3,3,0,0,13301928
1589,4,2,1,2,27,10595540
3483,4,4,3,1,17,22972041
2180,1,3,1,0,26,13017455
2922,3,4,3,0,21,19271783
661,2,1,2,2,7,5298183
3951,3,1,1,1,6,25550932
3929,4,4,1,1,24,25358159
3759,2,1,1,1,29,22016559
2869,5,4,1,2,1,21305507
949,4,3,3,2,11,8321861
1997,3,2,3,1,15,13075236
1536,3,4,1,2,8,11427591
2731,3,2,1,1,19,17802200
2658,1,2,1,2,10,17269036
2450,4,4,3,0,14,16649968
3055,2,1,1,0,2,19138904
1813,3,3,1,2,22,11884476
2842,3,2,1,2,20,18767848
3451,1,3,3,1,12,21925733
1738,2,2,2,0,20,10426138
1473,4,4,2,1,27,10291033
1131,5,1,3,2,12,8593620
2090,1,3,2,1,1,13656070
1550,4,2,1,1,5,11075498
3280,5,4,1,2,5,22658439
3802,3,4,3,0,11,24165400
2088,3,2,3,1,3,14017976
2868,2,2,2,2,4,18651305
3460,5,2,2,1,22,22925850
3804,3,1,1,2,29,22898610
2193,3,2,3,2,7,15183644
936,2,2,2,2,5,7450935
3328,4,1,2,0,20,20649872
2056,3,4,1,0,27,13527990
3974,1,2,1,2,2,25559499
1576,1,3,1,0,22,9639055
3884,4,4,1,1,7,26335694
1804,5,3,2,0,18,12825492
3273,2,2,3,0,20,19801772
2578,1,1,3,1,10,15785212
2884,1,1,1,1,17,17503345
682,4,1,1,1,9,5920337
3594,5,2,2,2,25,23332596
3091,5,2,1,1,27,20130141
1969,4,3,3,1,19,13536139
3645,1,1,1,1,11,22066202
3581,2,2,3,2,19,22778594
1979,1,4,1,0,27,12504848
2089,5,2,1,2,28,14713898
2087,1,2,3,0,7,12868150
1159,2,4,2,1,18,7954042
659,3,1,2,2,20,4755035
3585,1,4,1,2,15,23020290
3749,4,1,1,0,26,23022534
2959,3,4,3,2,20,19990539
1511,4,3,3,2,17,11564385
552,4,1,1,0,8,5074435
2955,4,2,3,2,3,20150577
3394,1,3,2,2,8,21313108
1545,5,1,2,1,24,10676862
1553,3,1,3,1,1,11290045
3250,2,1,3,1,8,20579575
2807,5,4,3,1,8,19795073
1728,1,1,2,1,17,10384729
3630,4,2,1,2,10,24104722
1994,2,1,3,2,12,13011881
3323,3,2,3,1,5,21588363
1989,5,2,3,0,8,13998188
1535,5,2,1,1,15,11746388
2450,2,3,3,2,3,16571130
3861,1,2,3,0,1,24393499
1349,3,4,2,1,6,10604667
853,2,1,3,0,14,5817336
1598,4,4,2,1,24,11829503
3420,3,3,1,2,5,22726858
2239,5,1,3,1,10,15437764
1964,2,2,3,0,26,11790798
1490,5,1,2,2,29,10110109
1764,5,3,1,1,19,13171880
3565,5,3,1,1,16,24003807
2384,1,4,2,1,3,15743027
3725,5,1,1,1,18,24163385
2309,4,1,1,2,6,16158804
3667,4,1,1,2,10,24098974
2841,3,4,1,1,12,19033160
2756,5,3,1,2,26,18328259
3914,5,2,1,0,25,24418724
1611,2,1,1,2,20,10297892
1317,1,4,1,0,27,7888515
2299,3,4,3,0,2,16101731
2460,5,2,2,2,13,17130506
2937,2,3,1,1,1,19521348
2872,1,1,2,2,28,16734811
3487,3,1,1,0,17,21778133
1388,3,4,1,0,4,10822303
2355,5,3,3,2,12,17165558
1680,3,1,2,0,12,10582318
1167,2,2,2,2,23,7853269
1132,3,3,3,2,23,8605006
3124,4,3,3,1,13,20455376
2142,2,4,2,0,11,14175502
636,1,4,1,2,20,4550577
2446,1,1,1,0,12,14710694
2197,5,4,2,2,17,16140893
927,5,3,1,2,12,8793922
1975,4,1,3,1,3,14152843
3159,1,1,3,2,22,18914713
3458,1,3,3,1,29,20619642
1318,1,1,2,0,21,7826396
2688,1,2,2,1,9,16746401
1606,3,2,2,1,22,10273130
2724,2,1,1,0,4,16830995
697,2,4,2,1,17,6021707
3171,4,2,2,1,7,21243854
2495,3,1,3,2,13,15935498
3238,1,2,1,1,27,19438884
3992,1,4,1,2,1,25718382
2948,5,3,3,1,27,19297061
970,5,1,1,0,7,7762130
2765,4,1,2,0,15,18006144
2448,1,1,1,1,6,14963154
1428,4,1,3,2,2,10651074
2510,3,1,1,1,28,15513317
3179,2,1,3,2,3,20520547
3498,1,4,2,1,28,21213782
1405,3,3,2,0,6,9997868
2722,1,4,3,0,3,17347738
522,5,4,2,2,8,6030705
734,4,3,2,1,22,5687099
3584,5,4,1,2,16,24049879
1624,2,2,2,0,16,9937962
1428,5,4,3,2,19,10881109
1022,1,1,2,1,13,6498137
2308,5,2,1,2,13,16060322
930,1,2,3,1,28,4935817
1292,2,3,2,1,24,8495499
2129,5,4,2,0,12,15471009
2236,4,4,2,1,3,16596750
1032,4,2,3,1,12,8192050
3526,4,4,1,1,20,23234272
2246,5,4,3,2,16,16202240
2175,5,3,3,0,14,15623373
1816,5,2,1,2,29,12559426
3357,1,1,3,2,17,20985276
1412,2,2,3,0,10,9745864
1624,4,3,2,2,3,12326359
2025,1,3,3,2,27,13032139
1827,4,3,2,1,19,12991438
3418,1,4,3,2,10,22242202
3087,5,2,2,0,9,20596558
1523,4,4,2,2,21,11729112
2076,5,4,2,1,12,15440614
1878,4,2,1,2,21,12809238
3874,3,3,3,0,7,24501988
2019,1,1,3,1,27,11246070
2181,3,1,3,2,12,14083491
2497,1,2,1,0,8,15946564
726,2,2,2,0,29,3829659
1759,4,3,3,2,0,13654240
1372,2,2,1,2,0,9890474
1391,2,2,1,1,14,9732675
1978,1,3,3,2,21,12958210
1536,3,3,2,1,3,11014113
2757,5,4,1,2,26,18890929
3288,1,2,3,0,19,20044199
896,5,1,2,0,0,7198736
1623,2,2,1,0,24,10163704
2578,5,1,1,0,11,17562213
3445,3,1,3,1,10,22310624
1148,1,1,3,0,18,6390345
828,3,4,2,1,14,6614571
3737,3,3,3,1,20,23569270
1982,1,3,3,1,9,13143022
1451,3,4,2,2,0,11360334
2505,4,3,3,1,23,16946084
2516,4,4,2,2,2,18325678
3671,4,2,2,1,13,24198568
3168,5,4,2,2,14,22098230
2378,3,3,3,2,0,16945780
1696,1,3,2,0,9,11410732
2272,1,2,3,1,21,13774433
661,5,4,2,2,0,7357405
2251,1,2,3,0,14,14190963
1275,4,1,2,1,2,9573617
3834,3,4,1,0,20,23988104
2327,1,2,1,2,19,14612257
2821,1,2,1,0,22,17076273
3574,2,3,2,0,21,22508065
1551,2,4,3,1,11,11482360
2873,2,1,2,2,18,17822583
1439,3,1,2,1,15,9706769
3720,4,4,2,1,26,23775729
1039,4,4,2,0,7,8736900
3035,4,2,3,2,23,19347743
1321,3,3,2,1,13,10054299
1961,3,3,1,2,17,13295708
1588,2,3,1,1,22,10137005
855,1,4,1,0,29,5352891
3823,5,3,2,1,0,26547503
734,5,2,3,1,1,7163853
2774,1,4,3,1,23,17730835
2048,2,4,3,2,11,14393873
3884,1,3,2,0,16,24024375
2596,1,1,3,2,1,17009079
617,5,1,1,1,27,4675468
2601,2,2,3,0,16,16245779
2173,3,3,2,2,20,14479373
3112,5,3,2,1,6,21234531
1567,3,4,3,0,5,11086600
2600,2,4,2,0,5,17438467
1057,1,3,3,1,21,6600590
3673,4,4,3,0,7,24506298
2315,4,3,1,0,4,16618376
2505,2,2,2,2,14,15904130
3415,4,4,1,0,25,21670047
897,3,3,2,2,6,8172177
3709,4,4,3,2,2,25489646
1174,2,2,2,2,24,7315343
886,2,4,3,2,9,7111258
2658,3,3,2,0,2,17998791
3161,4,4,1,0,29,20813899
2564,4,4,1,2,13,18513298
3753,1,3,3,0,21,22320268
1383,5,1,1,2,2,11332337
1040,2,4,3,2,0,9089100
670,1,4,3,2,0,5773306
2956,2,2,3,1,18,18193687
1239,1,1,2,0,3,8458254
1901,5,2,3,0,29,13004479
3759,1,3,1,2,1,24267095
3405,2,3,2,0,24,20893380
2777,4,2,1,2,10,18450104
618,2,4,3,0,23,4348250
3727,3,1,3,2,11,24041877
3331,3,2,1,2,12,21679467
3012,3,2,2,1,15,19595138
2651,3,3,1,2,15,17838726
3245,5,4,3,1,18,21830541
2495,4,1,2,0,22,15975870
2205,4,2,3,0,19,14409640
2222,2,1,3,1,20,14148963
2722,1,1,1,0,19,15895419
3292,2,2,3,1,8,21080322
2197,2,1,1,0,15,13755738
1944,2,3,2,1,26,12485377
3705,2,4,3,1,6,23759372
3962,4,4,3,2,12,26051722
2259,1,4,2,0,3,15062720
2024,2,3,1,2,12,13659973
1164,4,3,3,1,7,9193332
532,2,3,2,2,1,5756593
2602,3,4,3,1,6,18017404
3066,2,1,1,0,10,18925932
3303,2,3,1,0,16,20538882
2559,5,2,1,0,23,17110888
2051,3,3,1,1,28,12890706
1219,1,2,2,2,13,8237654
3102,2,4,3,0,27,19151078
2920,1,2,2,1,29,16840856
983,3,3,1,2,12,8121355
1472,2,3,1,1,14,10339370
3799,5,1,1,1,21,24284271
3170,4,4,1,0,27,20554903
806,5,2,3,1,20,6531270
956,5,4,1,1,24,7560137
2707,4,3,3,2,8,19197437
830,4,1,1,0,2,7222295
3323,4,3,3,1,24,21812047
724,2,3,3,1,12,5718636
3530,1,3,1,2,12,22440707
3276,1,2,2,1,8,20402094
1979,4,3,2,1,17,14072289
3616,5,4,2,1,4,24549053
3785,3,4,2,1,10,24535101
1582,4,1,2,1,1,11571130
1143,5,4,1,2,16,10154040
1115,5,3,1,1,22,8958574
694,2,3,1,1,19,4860610
988,2,4,1,1,20,6924877
2704,1,1,1,1,3,16811802
3157,1,1,1,0,21,18901699
1749,3,4,3,0,26,11467142
2959,3,2,3,0,17,18546033
3776,3,2,1,0,23,23528413
1602,3,2,1,2,19,10647070
1647,5,2,3,0,7,11871463
3018,5,4,3,2,18,20533513
1741,1,1,1,0,11,10567927
1015,2,3,3,2,27,6884747
2125,2,3,2,0,10,14098180
1627,4,4,2,1,15,11877560
892,5,3,2,0,4,7800583
1130,3,2,3,0,27,7677871
2347,3,1,1,0,2,15130304
3155,4,4,1,1,11,21513336
1479,2,1,1,2,14,9990797
933,3,4,3,2,15,7821645
3902,2,4,3,1,12,25243828
3714,4,4,2,0,6,24481128
3087,2,4,3,0,14,19571336
777,2,1,2,0,2,5707785
732,2,3,2,2,11,6442441
2052,3,4,1,2,7,14847679
2094,1,2,3,1,24,12120258
1613,5,4,1,1,28,11546103
3770,2,1,1,2,11,23729190
2909,2,4,3,0,17,18643742
525,2,2,3,0,2,3987606
3596,1,1,2,0,11,21670843
1917,4,4,2,0,28,12719113
3054,3,2,2,1,22,18860465
3872,1,1,2,1,20,23164929
3910,2,4,1,2,25,25128289
2814,1,2,1,1,22,16869823
960,1,1,3,0,1,5999628
3003,1,4,2,2,13,19933322
3931,4,1,2,1,13,24966929
1591,5,2,2,1,3,12521245
1506,3,4,1,1,16,10399635
3410,4,4,3,1,14,22910806
3983,4,4,1,1,15,25711409
2494,5,2,3,0,4,17043828
990,4,3,3,0,23,6808541
1572,1,4,1,0,16,9790022
3111,1,2,1,1,22,18385064
3673,2,1,3,2,6,23005399
715,4,1,1,0,22,5554392
2223,2,2,1,0,14,13759126
2092,3,3,3,1,16,13626946
3106,1,2,3,2,11,19707904
658,3,1,2,0,10,5335673
3036,5,1,1,0,18,19245622
1185,1,4,3,2,10,9152060
3813,3,3,1,1,1,25177658
3341,5,2,1,2,14,22311589
2276,3,1,3,1,4,15607841
2552,5,1,2,0,17,16913568
2343,5,1,3,2,28,15335755
2908,1,2,3,2,29,17544063
3006,2,2,1,0,20,18156649
2795,5,3,2,0,20,19088339
2089,5,4,3,1,15,15178861
2196,1,4,1,0,3,14554963
3493,2,4,3,0,26,21856645
2969,4,1,1,2,22,19576388
2446,4,4,3,1,9,17282087
2562,2,1,2,0,21,15331320
3283,3,3,3,2,1,21762927
1645,1,1,1,0,14,9505593
2824,2,3,3,0,3,18300230
2081,4,3,2,0,28,13231352
3000,5,4,2,0,15,20013266
3961,4,4,2,1,29,25027825
3865,5,1,2,2,26,24372600
3145,1,2,1,2,6,20076700
2993,5,4,3,0,24,19900821
2757,2,4,2,2,24,18328499
3261,5,2,3,0,11,21735259
2849,3,2,1,2,2,18953149
2432,2,4,3,1,16,15791307
3794,1,2,3,1,8,23836044
2257,2,1,2,2,7,15193642
2550,3,3,2,0,22,16230561
1489,1,3,1,0,5,10432540
2041,4,4,3,0,29,13800633
1616,3,4,1,0,14,11309218
3067,1,1,1,1,9,19381524
3999,5,2,1,0,22,25304584
992,2,4,2,0,26,7108902
3806,1,3,2,0,24,23193386
1119,2,1,3,0,5,7968203
3732,5,1,3,1,14,23932588
2878,1,2,3,2,29,17413754
2880,4,4,2,2,13,20295356
2597,3,4,2,0,25,16353411
2046,1,1,1,0,18,12154253
1362,5,3,2,2,12,11015979
2191,1,4,1,1,13,14701610
2105,2,3,1,1,2,14523489
2819,1,1,2,1,3,17483565
1079,4,4,1,1,25,8403639
2390,1,3,1,1,28,14921058
1775,3,1,3,1,13,11702044
3107,1,3,1,1,13,19492836
3243,2,4,2,1,25,20291268
2355,1,2,2,1,7,15143595
3661,4,3,1,0,9,24393792
2993,5,2,3,1,8,20152636
3564,1,4,2,0,13,22433140
1855,1,2,2,2,7,12626677
1662,3,1,3,0,10,11366585
856,4,2,1,2,9,7125321
2124,5,3,2,0,17,14339562
2821,2,3,1,2,3,18635306
3590,1,2,1,0,3,22237466
2506,5,1,1,0,11,16519708
2858,2,4,1,2,17,18706545
1369,4,2,2,1,28,9172914
1385,4,3,3,1,7,10431935
2501,5,3,2,1,2,18258969
2701,2,2,3,1,17,16784692
1913,4,2,1,1,6,14085261
1783,5,2,3,0,0,13053644
1119,4,4,1,1,21,8803522
1382,4,3,2,0,12,9710340
1296,4,3,2,2,28,9469684
2672,3,3,3,1,2,18653127
3925,2,4,1,1,28,24058937
1796,5,1,1,1,2,12957144
1118,5,3,3,1,14,9373127
2334,2,3,1,0,20,14873103
744,2,1,1,0,29,3816834
3395,2,4,1,0,18,21572542
2997,2,1,2,2,27,18366480
1429,1,1,2,0,3,9384285
1770,5,1,2,1,12,13037438
1019,1,1,1,2,12,6340658
3712,4,4,2,2,14,24632464
2909,4,4,1,1,18,19292044
507,5,1,1,1,15,4629674
3025,4,2,3,1,6,19990408
3923,2,2,1,1,2,25171291
2519,1,2,2,0,29,14983340
994,2,2,2,2,25,7015839
2129,4,3,1,1,19,14141186
3380,1,4,2,0,1,21370653
3998,2,4,1,1,17,25280647
1562,5,1,3,0,24,10745621
3140,2,3,1,1,10,20047426
686,4,1,1,1,0,5944104
3301,1,1,3,1,15,20326215
2377,5,4,2,0,16,16739823
2640,1,3,3,1,15,16908354
585,5,2,3,0,9,6053270
3615,1,4,1,0,16,22979332
636,4,3,1,2,29,5216417
2968,5,3,3,0,2,20823887
2621,3,4,2,0,17,17032653
2136,1,4,3,0,18,13827983
3727,1,1,2,0,13,22741975
3826,2,1,3,0,20,22968720
2718,5,1,3,2,24,18341875
2251,3,2,2,1,1,15581263
2717,4,4,3,2,11,18769418
2287,2,3,1,2,10,15737468
1371,3,4,3,1,29,9433914
2869,5,3,1,0,16,19157227
3003,3,2,2,1,26,18846044
1443,1,4,2,0,5,10125027
2126,1,3,1,1,18,13816780
3337,2,3,3,2,12,21393449
3160,5,1,1,0,6,20927565
3726,5,2,1,2,21,24234580
3436,3,4,2,0,10,22281891
848,2,1,1,1,6,5814096
2176,5,2,3,1,12,15511983
1696,1,1,1,1,12,10311389
509,3,4,2,1,20,5124607
3287,4,3,3,1,0,22472038
3836,1,4,2,2,29,23624825
1961,2,2,1,2,18,12380938
3818,5,4,1,0,18,24907105
1166,1,2,2,2,22,7318793
3093,4,1,2,0,14,19710962
2022,4,2,3,0,13,13661764
2676,2,3,2,2,28,16495559
1100,1,3,2,2,2,8766953
3152,3,3,1,0,26,20093991
826,1,1,1,2,20,5401773
1479,4,2,2,2,19,10693855
2951,2,1,2,2,3,18851921
1128,2,4,1,1,28,7372536
2129,3,4,3,1,6,14827125
3930,2,4,3,0,0,25845480
3265,2,4,3,2,22,21388141
3588,2,3,3,0,23,21838227
773,2,2,1,2,18,5254322
1184,2,3,2,1,2,9229053
615,4,2,3,2,19,5060717
1360,1,2,1,2,14,9120975
2503,5,1,2,2,12,17318292
1192,2,4,3,1,21,8649311
3662,5,2,2,1,13,24555923
1605,5,4,3,1,6,12463068
2871,4,4,2,0,0,19932294
3508,2,4,3,2,12,23158135
2661,5,3,3,1,3,18994878
2292,2,4,2,0,11,15411460
3629,3,2,2,1,6,23297054
653,3,3,2,2,26,4881048
2400,3,4,1,0,1,16533718
1927,5,1,1,1,16,13508012
1789,3,4,2,1,0,13365468
814,4,4,1,0,25,5967430
1564,4,3,3,0,13,11725239
604,5,2,2,0,29,5116059
2424,2,4,1,0,21,15775923
2413,1,3,2,0,27,13980239
1716,2,3,3,1,20,11586345
1924,2,2,3,0,0,13329404
3849,2,3,1,0,25,23399420
2901,2,2,3,2,2,19108693
3563,1,1,2,1,10,21905060
2272,3,4,1,2,6,15797696
2460,2,3,2,1,27,15558718
3280,4,1,2,1,24,20305277
2103,5,3,2,1,28,14857500
1208,5,3,3,0,8,9703592
3827,4,1,2,2,21,24025009
1150,2,3,3,1,2,8612981
3371,1,3,2,1,0,21692110
1446,3,1,3,1,18,9915182
1160,5,3,3,2,25,8800991
2646,3,2,3,1,1,17880679
3135,1,3,2,2,26,19307074
2829,5,4,2,2,20,20074004
2950,3,3,3,0,23,18914173
1632,1,4,2,1,4,11731350
1199,3,4,3,1,16,8655683
2746,2,3,2,2,18,17563773
3874,1,1,3,2,27,23134987
2538,3,2,3,0,4,17226868
2874,2,2,1,1,22,18134416
2701,2,3,2,2,20,17743795
1051,1,1,2,1,13,6899501
904,4,1,1,1,9,7255103
961,5,2,3,1,20,8087789
2679,1,1,3,2,6,16578726
3338,2,3,1,1,28,20934495
1373,2,3,1,2,7,9869243
583,1,1,3,0,29,3223481
1922,4,3,2,0,7,13721910
3301,5,4,1,2,6,23125497
3175,3,2,1,1,12,20301577
3680,1,3,1,0,13,22269875
720,5,1,1,0,18,5432139
3100,5,2,1,2,10,21615813
1891,2,3,1,2,1,13656492
3718,3,2,3,2,16,23927220
611,1,1,3,2,5,4960448
1114,2,4,1,2,28,7458311
2081,2,4,3,2,8,14671179
3471,4,3,2,2,18,22795110
974,5,4,2,1,4,8949487
3383,1,3,1,1,8,21511838
2413,1,2,2,1,29,14419583
770,1,3,2,1,29,4993380
2968,2,3,3,0,24,18097340
2420,4,3,3,1,6,16682601
3254,3,4,3,0,29,20814281
1890,2,3,3,0,3,12612566
3851,3,1,2,0,26,23639790
3854,4,3,1,2,17,24813513
539,5,2,3,0,17,4719010
2482,1,1,2,0,19,14383943
2736,3,2,3,0,16,17086100
3735,2,2,2,2,29,22702625
1493,3,2,3,1,3,10446915
2512,5,1,1,1,27,16683222
3083,1,1,3,0,29,17286877
3575,3,4,1,0,26,22728185
789,5,1,3,1,21,6324739
2980,2,3,3,1,15,19128136
3018,4,2,3,1,21,19414885
3752,2,4,2,1,22,23434019
3819,1,1,2,0,4,23256533
3175,2,2,1,0,8,20404393
778,2,1,1,0,1,5840264
3424,2,4,2,1,1,23194697
1080,2,1,1,2,3,7530091
1362,1,1,1,1,19,8430312
753,5,2,2,1,19,5934552
680,3,3,2,2,16,5544354
1180,4,1,2,2,19,8197275
1324,3,4,2,1,27,9134826
1199,3,1,3,2,20,7927901
3113,4,1,2,2,24,20117896
1849,1,3,1,2,18,12114626
1880,4,2,3,1,2,13206105
2173,1,4,3,1,29,13815234
3227,3,2,1,2,4,21817172
2938,1,2,3,0,9,17751301
2138,5,2,1,2,5,16171736
2457,4,1,3,2,2,16960144
3656,5,3,3,1,16,24228126
3888,3,1,1,0,9,23892679
711,4,4,1,2,23,6015421
2038,3,3,1,0,11,13312173
883,5,2,1,1,0,8479331
2214,3,3,2,0,17,14344009
841,4,4,2,1,18,6734182
2338,4,1,1,2,21,15441397
2487,3,1,2,1,19,15881534
1343,4,2,1,0,3,10018277
3609,4,1,1,0,14,22985334
2034,3,1,3,0,8,13550291
919,5,4,1,2,5,8922965
3298,4,3,1,0,11,21469042
3740,4,1,1,0,17,23579812
2488,4,4,1,0,22,16321180
2432,4,4,3,1,14,17307244
3914,3,2,1,0,28,24113981
2349,5,4,3,1,18,16525086
805,5,2,1,0,8,7427004
3249,1,1,3,1,21,19839985
1368,4,2,2,1,23,9584226
3084,4,4,3,2,12,21390636
1635,1,3,3,2,15,10878344
1934,5,3,1,1,12,14137349
705,2,1,3,1,0,5406994
3756,2,1,3,2,17,23174337
3953,5,3,1,1,21,25741817
995,4,2,2,2,2,8120324
3950,2,1,2,2,16,24676624
3618,3,4,2,0,21,23423858
2409,3,1,3,0,4,15763958
3051,1,2,1,2,28,18345528
1545,5,1,2,2,24,10937140
712,5,4,2,1,5,7937411
809,2,4,2,2,20,6495791
3208,4,4,2,2,16,21400130
2491,5,2,1,0,16,17114089
3300,2,2,2,2,26,20789932
771,2,4,3,1,0,6675496
2322,5,4,3,2,6,17099165
3485,2,2,1,0,21,21569046
3773,1,2,2,0,29,22009275
